sampno,total_num_pev,total_num_bev,flag_company_charging,primary_chargeloc_14,primary_chargeloc_17,primary_chargeloc_24,primary_chargeloc_27,primary_chargeloc_34,primary_chargeloc_37,primary_chargeloc_44,primary_chargeloc_47,primary_chargetech_14,primary_chargetech_17,primary_chargetech_24,primary_chargetech_27,primary_chargetech_34,primary_chargetech_37,primary_chargetech_44,primary_chargetech_47,plug_freq_14,plug_freq_17,plug_freq_24,plug_freq_27,plug_freq_34,plug_freq_37,plug_freq_44,plug_freq_47,chargetime_day_14_1,chargetime_day_17_1,chargetime_day_24_1,chargetime_day_27_1,chargetime_day_34_1,chargetime_day_37_1,chargetime_day_44_1,chargetime_day_47_1,chargetime_day_14_2,chargetime_day_17_2,chargetime_day_24_2,chargetime_day_27_2,chargetime_day_34_2,chargetime_day_37_2,chargetime_day_44_2,chargetime_day_47_2,chargetime_day_14_3,chargetime_day_17_3,chargetime_day_24_3,chargetime_day_27_3,chargetime_day_34_3,chargetime_day_37_3,chargetime_day_44_3,chargetime_day_47_3,chargetime_day_14_4,chargetime_day_17_4,chargetime_day_24_4,chargetime_day_27_4,chargetime_day_34_4,chargetime_day_37_4,chargetime_day_44_4,chargetime_day_47_4,chargetime_weekend_14,chargetime_weekend_17,chargetime_weekend_24,chargetime_weekend_27,chargetime_weekend_34,chargetime_weekend_37,chargetime_weekend_44,chargetime_weekend_47,chargetime_weekend_time_14_1,chargetime_weekend_time_17_1,chargetime_weekend_time_24_1,chargetime_weekend_time_27_1,chargetime_weekend_time_34_1,chargetime_weekend_time_37_1,chargetime_weekend_time_44_1,chargetime_weekend_time_47_1,chargetime_weekend_time_14_2,chargetime_weekend_time_17_2,chargetime_weekend_time_24_2,chargetime_weekend_time_27_2,chargetime_weekend_time_34_2,chargetime_weekend_time_37_2,chargetime_weekend_time_44_2,chargetime_weekend_time_47_2,chargetime_weekend_time_14_3,chargetime_weekend_time_17_3,chargetime_weekend_time_24_3,chargetime_weekend_time_27_3,chargetime_weekend_time_34_3,chargetime_weekend_time_37_3,chargetime_weekend_time_44_3,chargetime_weekend_time_47_3,chargetime_weekend_time_14_4,chargetime_weekend_time_17_4,chargetime_weekend_time_24_4,chargetime_weekend_time_27_4,chargetime_weekend_time_34_4,chargetime_weekend_time_37_4,chargetime_weekend_time_44_4,chargetime_weekend_time_47_4,electricity_rate,electricity_rate_1_x,rate_source,variable_rates,offsite_chargeloc_14,offsite_chargeloc_17,offsite_chargeloc_24,offsite_chargeloc_27,offsite_chargeloc_34,offsite_chargeloc_37,offsite_chargeloc_44,offsite_chargeloc_47,home_upgrade,home_upgrade_5_x,home_pay,incentive_importance_1,incentive_importance_2,incentive_importance_3,incentive_importance_4,incentive_importance_5,incentive_importance_6,incentive_importance_7,incentive_importance_8,pev_experience
192013,0,1,1, ,3, , , , , , , , , , , , , , , ,5, , , , , , , ,0, , , , , , , ,0, , , , , , , ,0, , , , , , , ,1, , , , , , , ,3, , , , , , , ,0, , , , , , , ,0, , , , , , , ,0, , , , , , , ,1, , , , , , ,1,12,1,1, ,3, , , , , , ,3, ,2,2,5,5,2,2,2,2,2,5
190445,0,4,1, ,1, , , , , , , ,2, , , , , , , ,4, , , , , , , ,0, , , , , , , ,0, , , , , , , ,1, , , , , , , ,1, , , , , , , ,3, , , , , , , ,0, , , , , , , ,0, , , , , , , ,1, , , , , , , ,1, , , , , , ,1,26,1,2, , , , , , , , , , , ,5,6,5,2,4,1,5,7,7
191137,0,2,0, , , , , , , , , , , , , , , , , , , , , , , , , , , , , , , , , , , , , , , , , , , , , , , , , , , , , , , , , , , , , , , , , , , , , , , , , , , , , , , , , , , , , , , , , , , , , , , , , , , , , ,3, , , , , , ,2, ,2,5,5,5,4,2,2,2,1,7
192203,0,1,1, ,1, , , , , , , , , , , , , , , ,5, , , , , , , ,0, , , , , , , ,0, , , , , , , ,0, , , , , , , ,1, , , , , , , ,3, , , , , , , ,0, , , , , , , ,0, , , , , , , ,0, , , , , , , ,1, , , , , , ,1,9,1,1, , , , , , , , , , , ,6,5,3,6,7,6,5,7,7
190029,3,0,1, , , , ,1, ,2, , , , , , , , , , , , , ,4, , , , , , , ,0, , , , , , , ,1, , , , , , , ,0, , , , , , , ,0, , , , , , , ,2, , , , , , , ,0, , , , , , , ,0, , , , , , , ,1, , , , , , , ,0, , , ,2, , , , , , , , , ,3, ,2, ,1,5,3,5,4,4,4,5,3,4
190436,0,1,1, ,2, , , , , , , , , , , , , , , , , , , , , , , , , , , , , , , , , , , , , , , , , , , , , , , , , , , , , , , , , , , , , , , , , , , , , , , , , , , , , , , , , , , , , , , , , , , , , , ,1,13,1,1, ,1, , , , , , ,3, ,1,6,5,5,7,7,7,5,7,7
190537,0,1,0, , , , , , , , , , , , , , , , , , , , , , , , , , , , , , , , , , , , , , , , , , , , , , , , , , , , , , , , , , , , , , , , , , , , , , , , , , , , , , , , , , , , , , , , , , , , , , , , , , , , , ,1, , , , , , ,4, ,1,3,3,3,3,7,7,4,7,7
190695,0,1,1, ,3, , , , , , , ,2, , , , , , , ,5, , , , , , , ,0, , , , , , , ,0, , , , , , , ,0, , , , , , , ,1, , , , , , , ,3, , , , , , , ,0, , , , , , , ,0, , , , , , , ,0, , , , , , , ,1, , , , , , ,1,16,2,1, ,1, , , , , , ,1, ,3,7,5,5,5,3,7,5,7,7
190751,1,0,1,1, , , , , , , , , , , , , , , ,5, , , , , , , ,0, , , , , , , ,0, , , , , , , ,0, , , , , , , ,1, , , , , , , ,3, , , , , , , ,1, , , , , , , ,1, , , , , , , ,1, , , , , , , ,1, , , , , , , ,2, , , , , , , , , , , , , , ,1,1,1,1,1,1,1,1,5
190767,1,0,0, , , , , , , , , , , , , , , , , , , , , , , , , , , , , , , , , , , , , , , , , , , , , , , , , , , , , , , , , , , , , , , , , , , , , , , , , , , , , , , , , , , , , , , , , , , , , , , , , , , , ,2, , , , , , , , , , ,2,2,2,2,4,1,5,7,5
190623,5,1,0, , , , , , , , , , , , , , , , , , , , , , , , , , , , , , , , , , , , , , , , , , , , , , , , , , , , , , , , , , , , , , , , , , , , , , , , , , , , , , , , , , , , , , , , , , , , , , , , , , , , ,3,3, , , , , , ,4, ,4,1,1,1,1,1,1,5,1,7
190856,6,0,1,1, , , , , , , ,2, , , , , , , ,5, , , , , , , ,1, , , , , , , ,0, , , , , , , ,0, , , , , , , ,0, , , , , , , ,3, , , , , , , ,0, , , , , , , ,0, , , , , , , ,0, , , , , , , ,1, , , , , , , ,2, , , , , , , , , , , , , , ,5,5,5,4,4,7,5,7,7
190866,2,0,1,1, , , , , , , , , , , , , , , ,4, , , , , , , ,1, , , , , , , ,1, , , , , , , ,0, , , , , , , ,0, , , , , , , ,2, , , , , , , ,1, , , , , , , ,1, , , , , , , ,0, , , , , , , ,0, , , , , , , ,2, , , , , , , , , , , , , , ,3,3,4,3,1,1,4,1,5
191165,1,0,0, , , , , , , , , , , , , , , , , , , , , , , , , , , , , , , , , , , , , , , , , , , , , , , , , , , , , , , , , , , , , , , , , , , , , , , , , , , , , , , , , , , , , , , , , , , , , , , , , , , , ,1, , , , , , , ,1, ,2,5,4,3,2,5,3,4,4,4
191258,2,0,0, , , , , , , , , , , , , , , , , , , , , , , , , , , , , , , , , , , , , , , , , , , , , , , , , , , , , , , , , , , , , , , , , , , , , , , , , , , , , , , , , , , , , , , , , , , , , , , , , , , , ,1, , , , , , , ,4, ,2,1,4,4,5,1,1,5,1,4
191352,1,0,1,1, , , , , , , , , , , , , , , ,5, , , , , , , ,1, , , , , , , ,0, , , , , , , ,0, , , , , , , ,0, , , , , , , ,2, , , , , , , ,0, , , , , , , ,1, , , , , , , ,0, , , , , , , ,0, , , , , , , ,2, , , , , , , , , , , , , , ,6,4,2,5,1,7,5,1,5
191659,3,0,1,3, , , , , , , ,2, , , , , , , ,4, , , , , , , ,1, , , , , , , ,0, , , , , , , ,0, , , , , , , ,0, , , , , , , ,1, , , , , , , , , , , , , , , , , , , , , , , , , , , , , , , , , , , , , , , ,2, , , ,3, , , , , , , ,1, ,1,5,5,5,6,6,6,5,1,4
191527,1,2,1,1,1, , , , , , , , , , , , , , ,2,3, , , , , , ,0,0, , , , , , ,1,1, , , , , , ,0,0, , , , , , ,0,0, , , , , , ,1,2, , , , , , , ,0, , , , , , , ,1, , , , , , , ,0, , , , , , , ,0, , , , , , ,1,19,2,3, , , , , , , , , , , ,7,3,3,2,3,1,4,1,4
191594,1,0,1,1, , , , , , , , , , , , , , , ,4, , , , , , , ,1, , , , , , , ,0, , , , , , , ,0, , , , , , , ,0, , , , , , , ,1, , , , , , , , , , , , , , , , , , , , , , , , , , , , , , , , , , , , , , , ,2, , , , , , , , , , , , , , ,4,4,4,4,1,1,1,1,5
191816,2,0,1,3, , , , , , , ,2, , , , , , , ,5, , , , , , , ,1, , , , , , , ,1, , , , , , , ,0, , , , , , , ,0, , , , , , , ,1, , , , , , , , , , , , , , , , , , , , , , , , , , , , , , , , , , , , , , , ,2, , , ,1, , , , , , , ,2, ,3,3,3,2,3,1,1,3,1,4
192046,1,0,0, , , , , , , , , , , , , , , , , , , , , , , , , , , , , , , , , , , , , , , , , , , , , , , , , , , , , , , , , , , , , , , , , , , , , , , , , , , , , , , , , , , , , , , , , , , , , , , , , , , , ,4, , , , , , , , , , ,7,4,3,2,7,7,3,7,7
192021,0,1,1, ,1, , , , , , , , , , , , , , , ,5, , , , , , , ,0, , , , , , , ,0, , , , , , , ,1, , , , , , , ,0, , , , , , , ,3, , , , , , , ,0, , , , , , , ,1, , , , , , , ,1, , , , , , , ,0, , , , , , ,2, , , , , , , , , , , , , , ,4,5,4,4,4,7,5,7,7
192239,1,0,0, , , , , , , , , , , , , , , , , , , , , , , , , , , , , , , , , , , , , , , , , , , , , , , , , , , , , , , , , , , , , , , , , , , , , , , , , , , , , , , , , , , , , , , , , , , , , , , , , , , , ,1, , , , , , , ,1, ,1,2,5,5,5,6,6,2,7,5
192301,0,1,1, ,3, , , , , , , , , , , , , , , ,4, , , , , , , ,0, , , , , , , ,0, , , , , , , ,1, , , , , , , ,1, , , , , , , ,3, , , , , , , ,0, , , , , , , ,0, , , , , , , ,1, , , , , , , ,1, , , , , , ,2, , , , ,3, , , , , , ,3, ,3,3,3,3,2,2,1,3,7,6
190396,0,1,0, , , , , , , , , , , , , , , , , , , , , , , , , , , , , , , , , , , , , , , , , , , , , , , , , , , , , , , , , , , , , , , , , , , , , , , , , , , , , , , , , , , , , , , , , , , , , , , , , , , , , ,2, , , , , , , , , ,5,5,5,3,3,1,5,1,7
190400,1,0,0, , , , , , , , , , , , , , , , , , , , , , , , , , , , , , , , , , , , , , , , , , , , , , , , , , , , , , , , , , , , , , , , , , , , , , , , , , , , , , , , , , , , , , , , , , , , , , , , , , , , ,1, , , , , , , ,4, ,1,3,5,5,1,3,3,5,4,5
190801,0,1,1, ,1, , , , , , , , , , , , , , , ,4, , , , , , , ,0, , , , , , , ,0, , , , , , , ,0, , , , , , , ,1, , , , , , , ,3, , , , , , , ,0, , , , , , , ,0, , , , , , , ,0, , , , , , , ,1, , , , , , ,2, , , , , , , , , , , , , , ,5,5,5,7,3,4,4,7,5
190642,0,1,0, , , , , , , , , , , , , , , , , , , , , , , , , , , , , , , , , , , , , , , , , , , , , , , , , , , , , , , , , , , , , , , , , , , , , , , , , , , , , , , , , , , , , , , , , , , , , , , , , , , , , ,1, , , , , , ,5,HAVE A SOLAR SYSTEM AT HOME,2,5,5,5,5,5,5,5,5,7
190984,0,1,1, ,1, , , , , , , , , , , , , , , ,5, , , , , , , ,1, , , , , , , ,1, , , , , , , ,0, , , , , , , ,0, , , , , , , ,3, , , , , , , ,0, , , , , , , ,1, , , , , , , ,0, , , , , , , ,0, , , , , , ,2, , , , , , , , , , , , , , ,5,5,5,5,5,1,5,7,7
190993,1,0,0, , , , , , , , , , , , , , , , , , , , , , , , , , , , , , , , , , , , , , , , , , , , , , , , , , , , , , , , , , , , , , , , , , , , , , , , , , , , , , , , , , , , , , , , , , , , , , , , , , , , ,3, , , , , , , ,6, ,2,3,5,5,5,3,1,5,3,7
191079,0,1,1, , , ,2, , , , , , , , , , , , , , , , , , , , , , , , , , , , , , , , , , , , , , , , , , , , , , , , , , , , , , , , , , , , , , , , , , , , , , , , , , , , , , , , , , , , , , , , , , , , ,2, , , , , , ,1, , , , ,4, ,2,5,5,5,7,7,6,4,7,4
191336,1,0,1,2, , , , , , , , , , , , , , , , , , , , , , , , , , , , , , , , , , , , , , , , , , , , , , , , , , , , , , , , , , , , , , , , , , , , , , , , , , , , , , , , , , , , , , , , , , , , , , , ,2, , , ,3, , , , , , , ,4, ,3,3,5,4,4,2,6,5,6,7
191345,0,1,1, ,1, , , , , , , , , , , , , , , ,3, , , , , , , ,0, , , , , , , ,0, , , , , , , ,0, , , , , , , ,1, , , , , , , ,3, , , , , , , ,0, , , , , , , ,0, , , , , , , ,0, , , , , , , ,1, , , , , , ,2, , , , , , , , , , , , , , ,4,4,4,4,3,2,4,7,4
191680,1,0,1,1, , , , , , , , , , , , , , , ,3, , , , , , , ,1, , , , , , , ,0, , , , , , , ,0, , , , , , , ,0, , , , , , , ,3, , , , , , , ,1, , , , , , , ,0, , , , , , , ,0, , , , , , , ,0, , , , , , , ,2, , , , , , , , , , , , , , ,4,5,5,4,3,2,5,1,5
191380,0,1,1, ,3, , , , , , , , , , , , , , , ,5, , , , , , , ,1, , , , , , , ,1, , , , , , , ,0, , , , , , , ,0, , , , , , , ,1, , , , , , , , , , , , , , , , , , , , , , , , , , , , , , , , , , , , , , ,2, , , , ,1, , , , , , ,1, ,2,6,2,2,7,7,1,2,7,5
191478,2,2,1,1,1, , , , , , ,2,2, , , , , , ,4,3, , , , , , ,0,0, , , , , , ,0,0, , , , , , ,1,1, , , , , , ,0,0, , , , , , ,1,1, , , , , , , , , , , , , , , , , , , , , , , , , , , , , , , , , , , , , , ,2, , , , , , , , , , , , , , ,6,5,5,3,1,6,3,7,7
190355,0,1,0, , , , , , , , , , , , , , , , , , , , , , , , , , , , , , , , , , , , , , , , , , , , , , , , , , , , , , , , , , , , , , , , , , , , , , , , , , , , , , , , , , , , , , , , , , , , , , , , , , , , , ,1, , , , , , ,4, ,2,5,5,5,5,3,7,5,4,7
190480,1,0,1,3, , , , , , , , , , , , , , , ,5, , , , , , , ,0, , , , , , , ,0, , , , , , , ,0, , , , , , , ,1, , , , , , , ,3, , , , , , , ,0, , , , , , , ,1, , , , , , , ,1, , , , , , , ,1, , , , , , , ,2, , , ,3, , , , , , , ,4, ,3,4,4,4,4,3,7,4,7,7
190783,0,1,0, , , , , , , , , , , , , , , , , , , , , , , , , , , , , , , , , , , , , , , , , , , , , , , , , , , , , , , , , , , , , , , , , , , , , , , , , , , , , , , , , , , , , , , , , , , , , , , , , , , , , , , ,3, , , , ,2, ,2,5,5,5,4,7,7,5,7,7
190847,0,1,1, ,1, , , , , , , ,1, , , , , , , ,4, , , , , , , ,0, , , , , , , ,0, , , , , , , ,0, , , , , , , ,1, , , , , , , ,3, , , , , , , ,0, , , , , , , ,0, , , , , , , ,0, , , , , , , ,1, , , , , , ,1,45,2,3, , , , , , , , , , , ,5,5,5,4,4,1,5,1,5
191291,0,1,0, , , , , , , , , , , , , , , , , , , , , , , , , , , , , , , , , , , , , , , , , , , , , , , , , , , , , , , , , , , , , , , , , , , , , , , , , , , , , , , , , , , , , , , , , , , , , , , , , , , , , ,3, , , , , , ,2, ,1,5,5,5,5,5,7,5,7,7
191334,1,0,1,1, , , , , , , ,2, , , , , , , ,3, , , , , , , ,0, , , , , , , ,0, , , , , , , ,1, , , , , , , ,1, , , , , , , ,2, , , , , , , ,0, , , , , , , ,0, , , , , , , ,0, , , , , , , ,1, , , , , , , ,2, , , , , , , , , , , , , , ,5,5,5,4,4,2,4,7,7
191709,1,0,1,1, , , , , , , , , , , , , , , ,5, , , , , , , ,0, , , , , , , ,0, , , , , , , ,0, , , , , , , ,1, , , , , , , ,2, , , , , , , ,0, , , , , , , ,0, , , , , , , ,0, , , , , , , ,1, , , , , , , ,2, , , , , , , , , , , , , , ,5,5,5,5,4,7,5,7,7
191519,1,0,1,3, , , , , , , , , , , , , , , ,3, , , , , , , ,0, , , , , , , ,0, , , , , , , ,0, , , , , , , ,1, , , , , , , ,2, , , , , , , ,0, , , , , , , ,1, , , , , , , ,0, , , , , , , ,0, , , , , , , ,2, , , ,1, , , , , , , ,1, ,1,5,5,5,4,3,1,5,1,7
191579,0,1,1, ,1, , , , , , , , , , , , , , , ,5, , , , , , , ,0, , , , , , , ,0, , , , , , , ,0, , , , , , , ,1, , , , , , , ,3, , , , , , , ,0, , , , , , , ,0, , , , , , , ,0, , , , , , , ,1, , , , , , ,1,19,1,1, , , , , , , , , , , ,4,4,4,4,4,1,4,1,7
191775,0,1,1, ,1, , , , , , , , , , , , , , , ,5, , , , , , , ,0, , , , , , , ,0, , , , , , , ,0, , , , , , , ,1, , , , , , , ,3, , , , , , , ,0, , , , , , , ,0, , , , , , , ,0, , , , , , , ,1, , , , , , ,2, , , , , , , , , , , , , , ,7,7,4,1,1,7,2,7,7
192120,0,1,1, ,1, , , , , , , , , , , , , , , ,4, , , , , , , ,0, , , , , , , ,0, , , , , , , ,0, , , , , , , ,1, , , , , , , ,2, , , , , , , ,0, , , , , , , ,0, , , , , , , ,0, , , , , , , ,1, , , , , , ,1,13,2,1, , , , , , , , , , , ,5,5,5,5,3,7,5,7,7
192125,0,1,1, ,3, , , , , , , , , , , , , , , ,4, , , , , , , ,0, , , , , , , ,0, , , , , , , ,0, , , , , , , ,1, , , , , , , ,3, , , , , , , ,0, , , , , , , ,0, , , , , , , ,0, , , , , , , ,1, , , , , , ,2, , , , ,2, , , , , , , , , ,7,7,3,3,7,7,7,7,5
192233,0,1,0, , , , , , , , , , , , , , , , , , , , , , , , , , , , , , , , , , , , , , , , , , , , , , , , , , , , , , , , , , , , , , , , , , , , , , , , , , , , , , , , , , , , , , , , , , , , , , , , , , , , , ,1, , , , , , ,1, ,4,5,5,5,5,1,1,5,1,7
192298,0,1,0, , , , , , , , , , , , , , , , , , , , , , , , , , , , , , , , , , , , , , , , , , , , , , , , , , , , , , , , , , , , , , , , , , , , , , , , , , , , , , , , , , , , , , , , , , , , , , , , , , , , , , , ,1, , , , ,2, ,2,4,5,5,7,3,1,4,7,7
190028,300,0,0, , , , , , , , , , , , , , , , , , , , , , , , , , , , , , , , , , , , , , , , , , , , , , , , , , , , , , , , , , , , , , , , , , , , , , , , , , , , , , , , , , , , , , , , , , , , , , , , , , , , , , ,2, , , , , , , , ,3,5,3,4,4,3,4,4,1
190401,1,0,0, , , , , , , , , , , , , , , , , , , , , , , , , , , , , , , , , , , , , , , , , , , , , , , , , , , , , , , , , , , , , , , , , , , , , , , , , , , , , , , , , , , , , , , , , , , , , , , , , , , , ,1, , , , , , , ,3, ,2,4,3,3,1,1,6,5,7,7
190782,0,2,1, ,3, , , , , , , , , , , , , , , ,4, , , , , , , ,1, , , , , , , ,0, , , , , , , ,0, , , , , , , ,0, , , , , , , ,2, , , , , , , ,1, , , , , , , ,0, , , , , , , ,0, , , , , , , ,0, , , , , , ,2, , , , ,2, , , , , , , , , ,2,3,3,2,3,1,2,1,4
190545,0,2,1, ,1, , , , , , , , , , , , , , , ,3, , , , , , , ,0, , , , , , , ,0, , , , , , , ,0, , , , , , , ,1, , , , , , , ,3, , , , , , , ,0, , , , , , , ,0, , , , , , , ,0, , , , , , , ,1, , , , , , ,1,0,1,1, , , , , , , , , , , ,4,5,7,6,6,1,5,7,7
191268,1,0,1,1, , , , , , , , , , , , , , , ,5, , , , , , , ,0, , , , , , , ,0, , , , , , , ,1, , , , , , , ,0, , , , , , , ,3, , , , , , , ,0, , , , , , , ,1, , , , , , , ,0, , , , , , , ,0, , , , , , , ,2, , , , , , , , , , , , , , ,1,1,1,1,7,1,2,7,7
191331,0,1,1, ,1, , , , , , , , , , , , , , , ,5, , , , , , , ,0, , , , , , , ,0, , , , , , , ,0, , , , , , , ,1, , , , , , , ,3, , , , , , , ,0, , , , , , , ,0, , , , , , , ,0, , , , , , , ,1, , , , , , ,1,6,2,1, , , , , , , , , , , ,4,5,5,5,4,7,5,7,7
191443,0,1,1, ,1, , , , , , , ,2, , , , , , , ,3, , , , , , , ,0, , , , , , , ,0, , , , , , , ,0, , , , , , , ,1, , , , , , , ,2, , , , , , , ,0, , , , , , , ,0, , , , , , , ,0, , , , , , , ,1, , , , , , ,2, , , , , , , , , , , , , , ,6,4,4,7,7,6,5,7,7
191445,0,1,1, ,3, , , , , , , , , , , , , , , ,3, , , , , , , ,1, , , , , , , ,0, , , , , , , ,0, , , , , , , ,0, , , , , , , ,1, , , , , , , , , , , , , , , , , , , , , , , , , , , , , , , , , , , , , , ,2, , , , ,3, , , , , , ,3, ,2,7,4,4,7,3,7,4,7,5
192099,0,2,0, , , , , , , , , , , , , , , , , , , , , , , , , , , , , , , , , , , , , , , , , , , , , , , , , , , , , , , , , , , , , , , , , , , , , , , , , , , , , , , , , , , , , , , , , , , , , , , , , , , , , ,1, ,1, , , , ,1, ,2,3,4,4,4,3,1,5,1,7
190011,22,0,0, , , , , , , , , , , , , , , , , , , , , , , , , , , , , , , , , , , , , , , , , , , , , , , , , , , , , , , , , , , , , , , , , , , , , , , , , , , , , , , , , , , , , , , , , , , , , , , , , , , , , , ,2, , , , , , , , ,3,1,2,4,5,6,2,7,5
190048,25,0,1,1, , , , , ,1, ,3, , , , , ,3, ,5, , , , , ,5, ,0, , , , , ,0, ,0, , , , , ,0, ,0, , , , , ,0, ,1, , , , , ,1, ,3, , , , , ,3, ,0, , , , , ,0, ,0, , , , , ,0, ,0, , , , , ,0, ,1, , , , , ,1, ,1,45,2,3, , , , , , , , , , , ,5,5,4,4,3,4,5,3,6
190178,2,0,1,3, , , , , , , , , , , , , , , ,2, , , , , , , ,0, , , , , , , ,0, , , , , , , ,1, , , , , , , ,0, , , , , , , ,1, , , , , , , , , , , , , , , , , , , , , , , , , , , , , , , , , , , , , , , ,2, , , ,2, , , , , , , , , , ,1,1,5,4,1,1,5,1,5
190385,2,0,0, , , , , , , , , , , , , , , , , , , , , , , , , , , , , , , , , , , , , , , , , , , , , , , , , , , , , , , , , , , , , , , , , , , , , , , , , , , , , , , , , , , , , , , , , , , , , , , , , , , , ,2, , , , , , , , , , ,3,5,3,5,5,4,2,2,4
190722,0,1,1, ,2, , , , , , , , , , , , , , , , , , , , , , , , , , , , , , , , , , , , , , , , , , , , , , , , , , , , , , , , , , , , , , , , , , , , , , , , , , , , , , , , , , , , , , , , , , , , , , ,2, , , , ,1, , , , , , ,4, ,2,4,5,5,3,3,1,4,1,7
190731,0,1,1, , , ,1, , , , , , , , , , , , , , , ,3, , , , , , , ,0, , , , , , , ,0, , , , , , , ,0, , , , , , , ,1, , , , , , , ,3, , , , , , , ,0, , , , , , , ,0, , , , , , , ,0, , , , , , , ,1, , , , ,2, , , , , , , , , , , , , , ,5,5,5,7,7,7,2,7,7
190974,0,1,1, , , ,3, , , , , , , , , , , , , , , ,3, , , , , , , ,0, , , , , , , ,0, , , , , , , ,0, , , , , , , ,1, , , , , , , ,2, , , , , , , ,0, , , , , , , ,0, , , , , , , ,0, , , , , , , ,1, , , , ,1,22,2,2, , , ,2, , , , , , , ,5,5,5,4,6,6,3,7,7
190846,0,1,1, ,1, , , , , , , , , , , , , , , ,5, , , , , , , ,0, , , , , , , ,0, , , , , , , ,1, , , , , , , ,1, , , , , , , ,3, , , , , , , ,0, , , , , , , ,0, , , , , , , ,1, , , , , , , ,1, , , , , , ,2, , , , , , , , , , , , , , ,5,5,5,3,5,2,5,1,7
190868,1,0,0, , , , , , , , , , , , , , , , , , , , , , , , , , , , , , , , , , , , , , , , , , , , , , , , , , , , , , , , , , , , , , , , , , , , , , , , , , , , , , , , , , , , , , , , , , , , , , , , , , , , ,1, , , , , , , ,3, ,2,4,4,4,4,7,7,6,7,7
190934,0,1,0, , , , , , , , , , , , , , , , , , , , , , , , , , , , , , , , , , , , , , , , , , , , , , , , , , , , , , , , , , , , , , , , , , , , , , , , , , , , , , , , , , , , , , , , , , , , , , , , , , , , , ,3, , , , , , ,4, ,3,2,5,5,4,4,3,4,1,5
191073,0,2,1, ,1, , , , , , , , , , , , , , , ,4, , , , , , , ,0, , , , , , , ,0, , , , , , , ,0, , , , , , , ,1, , , , , , , ,3, , , , , , , ,1, , , , , , , ,0, , , , , , , ,0, , , , , , , ,0, , , , , , ,1,9,1,1, , , , , , , , , , , ,4,4,4,4,4,1,4,4,7
191067,0,1,1, ,1, , , , , , , , , , , , , , , ,5, , , , , , , ,0, , , , , , , ,0, , , , , , , ,0, , , , , , , ,1, , , , , , , ,3, , , , , , , ,0, , , , , , , ,0, , , , , , , ,0, , , , , , , ,1, , , , , , ,1,18,2,1, , , , , , , , , , , ,4,5,5,5,4,7,2,7,7
191009,0,1,0, , , , , , , , , , , , , , , , , , , , , , , , , , , , , , , , , , , , , , , , , , , , , , , , , , , , , , , , , , , , , , , , , , , , , , , , , , , , , , , , , , , , , , , , , , , , , , , , , , , , , ,1, , , , , , ,4, ,1,3,4,4,3,4,1,5,1,7
191225,0,1,1, ,1, , , , , , , ,2, , , , , , , ,5, , , , , , , ,0, , , , , , , ,0, , , , , , , ,0, , , , , , , ,1, , , , , , , ,2, , , , , , , ,0, , , , , , , ,0, , , , , , , ,0, , , , , , , ,1, , , , , , ,2, , , , , , , , , , , , , , ,5,5,5,2,2,1,4,1,5
191227,1,0,0, , , , , , , , , , , , , , , , , , , , , , , , , , , , , , , , , , , , , , , , , , , , , , , , , , , , , , , , , , , , , , , , , , , , , , , , , , , , , , , , , , , , , , , , , , , , , , , , , , , , , , ,2, , , , , , , , ,5,5,5,5,5,5,5,1,7
191996,0,1,1, ,1, , , , , , , , , , , , , , , ,5, , , , , , , ,0, , , , , , , ,0, , , , , , , ,0, , , , , , , ,1, , , , , , , ,3, , , , , , , ,1, , , , , , , ,1, , , , , , , ,1, , , , , , , ,1, , , , , , ,2, , , , , , , , , , , , , , ,2,5,5,7,7,7,4,7,6
191892,0,1,0, , , , , , , , , , , , , , , , , , , , , , , , , , , , , , , , , , , , , , , , , , , , , , , , , , , , , , , , , , , , , , , , , , , , , , , , , , , , , , , , , , , , , , , , , , , , , , , , , , , , , ,1, , , , , , ,2, ,2,4,4,4,4,4,1,4,4,7
192047,0,1,0, , , , , , , , , , , , , , , , , , , , , , , , , , , , , , , , , , , , , , , , , , , , , , , , , , , , , , , , , , , , , , , , , , , , , , , , , , , , , , , , , , , , , , , , , , , , , , , , , , , , , , , ,1, , , , ,3, ,2,2,1,4,1,7,1,1,7,4
192306,0,2,0, , , , , , , , , , , , , , , , , , , , , , , , , , , , , , , , , , , , , , , , , , , , , , , , , , , , , , , , , , , , , , , , , , , , , , , , , , , , , , , , , , , , , , , , , , , , , , , , , , , , , ,1, , , , , , ,1, ,2,4,5,5,5,1,1,1,7,6
190030,2,0,0, , , , , , , , , , , , , , , , , , , , , , , , , , , , , , , , , , , , , , , , , , , , , , , , , , , , , , , , , , , , , , , , , , , , , , , , , , , , , , , , , , , , , , , , , , , , , , , , , , , , ,2, , , , , , , , , , ,5,5,4,3,4,4,3,2,5
190035,1,0,1,1, , , , , , , , , , , , , , , ,3, , , , , , , ,0, , , , , , , ,1, , , , , , , ,0, , , , , , , ,0, , , , , , , ,2, , , , , , , ,0, , , , , , , ,1, , , , , , , ,0, , , , , , , ,0, , , , , , , ,1,50,1,1, , , , , , , , , , , ,3,3,4,4,5,1,2,3,5
190294,0,1,0, , , , , , , , , , , , , , , , , , , , , , , , , , , , , , , , , , , , , , , , , , , , , , , , , , , , , , , , , , , , , , , , , , , , , , , , , , , , , , , , , , , , , , , , , , , , , , , , , , , , , , , ,2, , , , , , , ,2,2,2,1,1,1,1,1,7
190345,1,0,0, , , , , , , , , , , , , , , , , , , , , , , , , , , , , , , , , , , , , , , , , , , , , , , , , , , , , , , , , , , , , , , , , , , , , , , , , , , , , , , , , , , , , , , , , , , , , , , , , , , , ,1, , , , , , , ,3, ,2,6,6,4,5,6,7,5,7,5
190423,0,1,1, ,1, , , , , , , , , , , , , , , ,3, , , , , , , ,0, , , , , , , ,0, , , , , , , ,0, , , , , , , ,1, , , , , , , ,3, , , , , , , ,0, , , , , , , ,0, , , , , , , ,0, , , , , , , ,1, , , , , , ,1,12,1,1, , , , , , , , , , , ,7,5,5,7,7,7,5,7,6
190393,0,2,1, ,1, ,1, , , , , , , , , , , , , ,3, ,4, , , , , ,0, ,0, , , , , ,0, ,0, , , , , ,0, ,0, , , , , ,1, ,1, , , , , ,3, ,3, , , , , ,0, ,0, , , , , ,0, ,0, , , , , ,0, ,0, , , , , ,1, ,1, , , , ,2, , , , , , , , , , , , , , ,4,5,4,3,2,7,5,7,5
190458,0,2,0, , , , , , , , , , , , , , , , , , , , , , , , , , , , , , , , , , , , , , , , , , , , , , , , , , , , , , , , , , , , , , , , , , , , , , , , , , , , , , , , , , , , , , , , , , , , , , , , , , , , , ,1, , , , , , ,1, ,2,6,6,6,6,6,6,6,6,4
190467,1,0,0, , , , , , , , , , , , , , , , , , , , , , , , , , , , , , , , , , , , , , , , , , , , , , , , , , , , , , , , , , , , , , , , , , , , , , , , , , , , , , , , , , , , , , , , , , , , , , , , , , , , ,2, , , , , , , , , , ,5,5,5,5,3,6,5,5,7
190533,0,1,1, ,3, , , , , , , , , , , , , , , ,3, , , , , , , ,0, , , , , , , ,0, , , , , , , ,0, , , , , , , ,1, , , , , , , ,2, , , , , , , ,0, , , , , , , ,0, , , , , , , ,0, , , , , , , ,1, , , , , , ,1,11,2,1, ,3, , , , , , ,2, ,2,3,2,5,3,4,3,5,1,6
190711,0,1,1, , , ,3, , , , , , , , , , , , , , , ,5, , , , , , , ,0, , , , , , , ,0, , , , , , , ,0, , , , , , , ,1, , , , , , , ,3, , , , , , , ,0, , , , , , , ,0, , , , , , , ,0, , , , , , , ,1, , , , ,2, , , , , , ,2, , , , , , , ,1,3,3,7,7,7,5,7,4
190721,0,1,0, , , , , , , , , , , , , , , , , , , , , , , , , , , , , , , , , , , , , , , , , , , , , , , , , , , , , , , , , , , , , , , , , , , , , , , , , , , , , , , , , , , , , , , , , , , , , , , , , , , , , ,3, , , , , , ,1, ,2,5,5,5,5,5,2,5,5,5
190723,1,0,0, , , , , , , , , , , , , , , , , , , , , , , , , , , , , , , , , , , , , , , , , , , , , , , , , , , , , , , , , , , , , , , , , , , , , , , , , , , , , , , , , , , , , , , , , , , , , , , , , , , , ,1, , , , , , , ,2, ,3,5,5,5,4,5,2,5,5,7
190733,0,1,1, ,1, , , , , , , , , , , , , , , ,5, , , , , , , ,0, , , , , , , ,0, , , , , , , ,0, , , , , , , ,1, , , , , , , ,3, , , , , , , ,0, , , , , , , ,0, , , , , , , ,0, , , , , , , ,1, , , , , , ,2, , , , , , , , , , , , , , ,5,3,3,3,7,7,5,7,7
190740,0,1,1, ,1, , , , , , , , , , , , , , , ,4, , , , , , , ,0, , , , , , , ,0, , , , , , , ,0, , , , , , , ,1, , , , , , , ,2, , , , , , , ,0, , , , , , , ,0, , , , , , , ,0, , , , , , , ,1, , , , , , ,2, , , , , , , , , , , , , , ,3,5,5,5,2,6,4,7,7
190744,1,0,1,1, , , , , , , , , , , , , , , ,3, , , , , , , ,0, , , , , , , ,0, , , , , , , ,0, , , , , , , ,1, , , , , , , ,2, , , , , , , ,0, , , , , , , ,0, , , , , , , ,0, , , , , , , ,1, , , , , , , ,2, , , , , , , , , , , , , , ,5,5,5,3,2,1,3,1,3
190675,0,1,0, , , , , , , , , , , , , , , , , , , , , , , , , , , , , , , , , , , , , , , , , , , , , , , , , , , , , , , , , , , , , , , , , , , , , , , , , , , , , , , , , , , , , , , , , , , , , , , , , , , , , , , ,1, , , , ,1, ,1,5,5,5,5,6,6,5,6,7
190589,0,1,0, , , , , , , , , , , , , , , , , , , , , , , , , , , , , , , , , , , , , , , , , , , , , , , , , , , , , , , , , , , , , , , , , , , , , , , , , , , , , , , , , , , , , , , , , , , , , , , , , , , , , ,1, , , , , , ,3, ,2,3,4,3,1,1,7,2,7,7
190610,0,2,1, ,1, ,1, , , , , , , , , , , , , ,5, ,5, , , , , ,0, ,0, , , , , ,0, ,0, , , , , ,0, ,0, , , , , ,1, ,1, , , , , ,3, ,3, , , , , ,0, ,0, , , , , ,0, ,0, , , , , ,0, ,0, , , , , ,1, ,1, , , , ,2, , , , , , , , , , , , , , ,1,1,1,1,1,1,3,1,7
190626,0,1,1, ,3, , , , , , , , , , , , , , , ,4, , , , , , , ,0, , , , , , , ,0, , , , , , , ,0, , , , , , , ,1, , , , , , , ,3, , , , , , , ,0, , , , , , , ,0, , , , , , , ,0, , , , , , , ,1, , , , , , ,2, , , , ,1, , , , , , ,1, ,1,5,5,5,5,5,1,5,1,7
190639,0,1,0, , , , , , , , , , , , , , , , , , , , , , , , , , , , , , , , , , , , , , , , , , , , , , , , , , , , , , , , , , , , , , , , , , , , , , , , , , , , , , , , , , , , , , , , , , , , , , , , , , , , , ,1, , , , , , ,3, ,3,3,5,5,5,1,1,5,1,7
190998,0,1,1, ,1, , , , , , , , , , , , , , , ,5, , , , , , , ,0, , , , , , , ,0, , , , , , , ,0, , , , , , , ,1, , , , , , , ,3, , , , , , , ,0, , , , , , , ,0, , , , , , , ,1, , , , , , , ,1, , , , , , ,2, , , , , , , , , , , , , , ,7,5,5,7,7,7,5,7,7
190865,0,1,0, , , , , , , , , , , , , , , , , , , , , , , , , , , , , , , , , , , , , , , , , , , , , , , , , , , , , , , , , , , , , , , , , , , , , , , , , , , , , , , , , , , , , , , , , , , , , , , , , , , , , ,2, , , , , , , , , ,5,5,5,5,5,4,5,7,7
190956,0,2,0, , , , , , , , , , , , , , , , , , , , , , , , , , , , , , , , , , , , , , , , , , , , , , , , , , , , , , , , , , , , , , , , , , , , , , , , , , , , , , , , , , , , , , , , , , , , , , , , , , , , , ,2, , , , , , , , , ,5,5,5,5,5,5,5,5,4
191033,0,2,1, ,1, , , , , , , , , , , , , , , ,5, , , , , , , ,1, , , , , , , ,1, , , , , , , ,1, , , , , , , ,1, , , , , , , ,3, , , , , , , ,1, , , , , , , ,1, , , , , , , ,1, , , , , , , ,1, , , , , , ,2, , , , , , , , , , , , , , ,7,6,4,3,7,7,3,7,7
191050,0,1,1, ,1, , , , , , , , , , , , , , , ,4, , , , , , , ,0, , , , , , , ,0, , , , , , , ,0, , , , , , , ,1, , , , , , , ,3, , , , , , , ,0, , , , , , , ,0, , , , , , , ,0, , , , , , , ,1, , , , , , ,2, , , , , , , , , , , , , , ,5,5,5,5,5,3,5,5,7
191080,1,0,1,1, , , , , , , ,1, , , , , , , ,3, , , , , , , ,1, , , , , , , ,0, , , , , , , ,0, , , , , , , ,0, , , , , , , ,2, , , , , , , ,1, , , , , , , ,0, , , , , , , ,0, , , , , , , ,0, , , , , , , ,2, , , , , , , , , , , , , , ,1,5,2,2,1,1,5,1,4
191081,0,1,1, , , ,3, , , , , , , , , , , , , , , ,5, , , , , , , ,0, , , , , , , ,0, , , , , , , ,0, , , , , , , ,1, , , , , , , ,3, , , , , , , ,0, , , , , , , ,0, , , , , , , ,0, , , , , , , ,1, , , , ,1,8,2,1, , , ,2, , , , , , , ,2,4,4,1,7,1,4,7,7
191134,0,2,1, ,3, , , , , , , ,3, , , , , , , ,4, , , , , , , ,0, , , , , , , ,0, , , , , , , ,0, , , , , , , ,1, , , , , , , ,3, , , , , , , ,0, , , , , , , ,0, , , , , , , ,0, , , , , , , ,1, , , , , , ,2, , , , ,2, , , , , , , , , ,5,5,5,5,5,3,5,7,7
191138,0,1,0, , , , , , , , , , , , , , , , , , , , , , , , , , , , , , , , , , , , , , , , , , , , , , , , , , , , , , , , , , , , , , , , , , , , , , , , , , , , , , , , , , , , , , , , , , , , , , , , , , , , , ,1, , , , , , ,3, ,4,5,5,5,5,5,1,5,1,4
191191,0,1,0, , , , , , , , , , , , , , , , , , , , , , , , , , , , , , , , , , , , , , , , , , , , , , , , , , , , , , , , , , , , , , , , , , , , , , , , , , , , , , , , , , , , , , , , , , , , , , , , , , , , , ,2, , , , , , , , , ,4,4,4,4,3,6,4,7,4
191186,0,1,1, ,1, , , , , , , , , , , , , , , ,2, , , , , , , ,0, , , , , , , ,0, , , , , , , ,0, , , , , , , ,1, , , , , , , ,2, , , , , , , ,0, , , , , , , ,0, , , , , , , ,0, , , , , , , ,1, , , , , , ,1,12,1,1, , , , , , , , , , , ,5,5,5,5,3,3,5,1,7
191330,2,0,0, , , , , , , , , , , , , , , , , , , , , , , , , , , , , , , , , , , , , , , , , , , , , , , , , , , , , , , , , , , , , , , , , , , , , , , , , , , , , , , , , , , , , , , , , , , , , , , , , , , , ,2, , , , , , , , , , ,4,5,5,4,6,6,5,7,7
191376,0,2,0, , , , , , , , , , , , , , , , , , , , , , , , , , , , , , , , , , , , , , , , , , , , , , , , , , , , , , , , , , , , , , , , , , , , , , , , , , , , , , , , , , , , , , , , , , , , , , , , , , , , , ,1, , , , , , ,3, ,2,5,5,5,7,1,1,5,7,5
192001,0,1,0, , , , , , , , , , , , , , , , , , , , , , , , , , , , , , , , , , , , , , , , , , , , , , , , , , , , , , , , , , , , , , , , , , , , , , , , , , , , , , , , , , , , , , , , , , , , , , , , , , , , , ,3, , , , , , ,4, ,1,5,5,4,3,2,1,5,7,7
191438,0,1,1, , , ,1, , , , , , , , , , , , , , , ,5, , , , , , , ,1, , , , , , , ,1, , , , , , , ,1, , , , , , , ,1, , , , , , , ,3, , , , , , , ,1, , , , , , , ,1, , , , , , , ,1, , , , , , , ,1, , , , ,2, , , , , , , , , , , , , , ,5,5,5,4,7,7,5,7,7
191508,1,0,1,3, , , , , , , ,2, , , , , , , ,5, , , , , , , ,0, , , , , , , ,0, , , , , , , ,0, , , , , , , ,1, , , , , , , ,3, , , , , , , ,0, , , , , , , ,0, , , , , , , ,0, , , , , , , ,1, , , , , , , ,2, , , ,1, , , , , , , ,4, ,3,6,3,6,4,6,6,2,7,7
191536,0,3,0, , , , , , , , , , , , , , , , , , , , , , , , , , , , , , , , , , , , , , , , , , , , , , , , , , , , , , , , , , , , , , , , , , , , , , , , , , , , , , , , , , , , , , , , , , , , , , , , , , , , , ,3, , , , , , ,3, ,2,7,4,4,6,4,7,4,7,7
191599,1,0,0, , , , , , , , , , , , , , , , , , , , , , , , , , , , , , , , , , , , , , , , , , , , , , , , , , , , , , , , , , , , , , , , , , , , , , , , , , , , , , , , , , , , , , , , , , , , , , , , , , , , ,2, , , , , , , , , , ,6,6,6,3,6,7,4,7,7
191817,0,2,0, , , , , , , , , , , , , , , , , , , , , , , , , , , , , , , , , , , , , , , , , , , , , , , , , , , , , , , , , , , , , , , , , , , , , , , , , , , , , , , , , , , , , , , , , , , , , , , , , , , , , ,3, , , , , , ,1, ,2,5,5,5,5,5,4,5,5,7
191914,0,1,1, ,2, , , , , , , , , , , , , , , , , , , , , , , , , , , , , , , , , , , , , , , , , , , , , , , , , , , , , , , , , , , , , , , , , , , , , , , , , , , , , , , , , , , , , , , , , , , , , , ,2, , , , ,3, , , , , , ,6, ,2,3,4,4,2,2,1,4,1,5
192017,0,1,0, , , , , , , , , , , , , , , , , , , , , , , , , , , , , , , , , , , , , , , , , , , , , , , , , , , , , , , , , , , , , , , , , , , , , , , , , , , , , , , , , , , , , , , , , , , , , , , , , , , , , ,1, , , , , , ,2, ,1,4,4,4,3,3,2,4,7,4
192055,0,1,1, ,1, , , , , , , , , , , , , , , ,5, , , , , , , ,0, , , , , , , ,0, , , , , , , ,0, , , , , , , ,1, , , , , , , ,3, , , , , , , ,0, , , , , , , ,0, , , , , , , ,0, , , , , , , ,1, , , , , , ,1,14,1,1, , , , , , , , , , , ,5,5,5,5,1,1,5,1,7
192092,0,1,0, , , , , , , , , , , , , , , , , , , , , , , , , , , , , , , , , , , , , , , , , , , , , , , , , , , , , , , , , , , , , , , , , , , , , , , , , , , , , , , , , , , , , , , , , , , , , , , , , , , , , , , ,1, , , , ,3, ,2,4,5,5,1,1,1,5,1,7
192121,0,1,1, ,1, , , , , , , , , , , , , , , ,2, , , , , , , ,0, , , , , , , ,0, , , , , , , ,0, , , , , , , ,1, , , , , , , ,2, , , , , , , ,0, , , , , , , ,0, , , , , , , ,0, , , , , , , ,1, , , , , , ,2, , , , , , , , , , , , , , ,4,4,4,4,4,4,4,4,7
190015,3,2,1, ,1,1, , , ,1, , , , , , , , , , ,4,5, , , ,5, , ,0,0, , , ,0, , ,0,0, , , ,0, , ,0,0, , , ,0, , ,1,1, , , ,1, , ,3,3, , , ,3, , ,0,0, , , ,0, , ,0,0, , , ,0, , ,0,0, , , ,0, , ,1,1, , , ,1, ,1,34,1,1, , , , , , , , , , , ,4,5,5,4,4,5,3,1,5
190413,1,0,1, , ,1, , , , , , , , , , , , , , , ,5, , , , , , , ,1, , , , , , , ,0, , , , , , , ,0, , , , , , , ,0, , , , , , , ,1, , , , , , , , , , , , , , , , , , , , , , , , , , , , , , , , , , , , , ,2, , , , , , , , , , , , , , ,6,5,5,5,7,6,5,7,7
191061,0,1,1, ,1, , , , , , , , , , , , , , , ,3, , , , , , , ,0, , , , , , , ,1, , , , , , , ,0, , , , , , , ,0, , , , , , , ,1, , , , , , , , , , , , , , , , , , , , , , , , , , , , , , , , , , , , , , ,2, , , , , , , , , , , , , , ,5,5,5,5,7,7,5,7,5
191003,0,1,1, ,1, , , , , , , , , , , , , , , ,5, , , , , , , ,0, , , , , , , ,1, , , , , , , ,0, , , , , , , ,0, , , , , , , ,1, , , , , , , , , , , , , , , , , , , , , , , , , , , , , , , , , , , , , , ,2, , , , , , , , , , , , , , ,4,5,5,3,4,1,5,7,7
191567,1,0,0, , , , , , , , , , , , , , , , , , , , , , , , , , , , , , , , , , , , , , , , , , , , , , , , , , , , , , , , , , , , , , , , , , , , , , , , , , , , , , , , , , , , , , , , , , , , , , , , , , , , ,1, , , , , , , ,1, ,1,4,4,4,4,1,1,1,1,5
191569,1,0,0, , , , , , , , , , , , , , , , , , , , , , , , , , , , , , , , , , , , , , , , , , , , , , , , , , , , , , , , , , , , , , , , , , , , , , , , , , , , , , , , , , , , , , , , , , , , , , , , , , , , ,5, , , , , , , , , , ,7,7,7,7,7,7,7,7,4
192022,1,0,0, , , , , , , , , , , , , , , , , , , , , , , , , , , , , , , , , , , , , , , , , , , , , , , , , , , , , , , , , , , , , , , , , , , , , , , , , , , , , , , , , , , , , , , , , , , , , , , , , , , , ,1, , , , , , , ,3, ,2,6,5,5,5,1,1,5,7,7
190251,1,0,1,1, , , , , , , , , , , , , , , ,3, , , , , , , ,1, , , , , , , ,1, , , , , , , ,0, , , , , , , ,0, , , , , , , ,3, , , , , , , ,1, , , , , , , ,1, , , , , , , ,0, , , , , , , ,0, , , , , , , ,1,12,2,1, , , , , , , , , , , ,7,7,5,4,1,1,1,1,4
190339,2,0,1,1, , , ,1, , , , , , , , , , , ,4, , , ,4, , , ,0, , , ,0, , , ,0, , , ,0, , , ,0, , , ,0, , , ,1, , , ,1, , , ,3, , , ,3, , , ,0, , , ,0, , , ,0, , , ,0, , , ,0, , , ,0, , , ,1, , , ,1, , , ,2, , , , , , , , , , , , , , ,5,5,5,5,6,1,5,7,5
190888,1,0,0, , , , , , , , , , , , , , , , , , , , , , , , , , , , , , , , , , , , , , , , , , , , , , , , , , , , , , , , , , , , , , , , , , , , , , , , , , , , , , , , , , , , , , , , , , , , , , , , , , , , , , , , ,1, , , ,3, ,2,5,5,5,5,3,1,4,1,7
191246,0,1,1, ,2, , , , , , , , , , , , , , , , , , , , , , , , , , , , , , , , , , , , , , , , , , , , , , , , , , , , , , , , , , , , , , , , , , , , , , , , , , , , , , , , , , , , , , , , , , , , , , ,2, , , , ,1, , , , , , ,3, ,2,7,5,4,4,7,6,4,7,5
190026,12,0,0, , , , , , , , , , , , , , , , , , , , , , , , , , , , , , , , , , , , , , , , , , , , , , , , , , , , , , , , , , , , , , , , , , , , , , , , , , , , , , , , , , , , , , , , , , , , , , , , , , , , ,1, , , ,2, , , ,1, ,1,4,5,4,3,4,5,5,5,5
190038,0,50,1, ,1, , , , , , , , , , , , , , , ,3, , , , , , , ,1, , , , , , , ,0, , , , , , , ,1, , , , , , , ,0, , , , , , , ,3, , , , , , , ,0, , , , , , , ,1, , , , , , , ,1, , , , , , , ,0, , , , , , ,1,50,1,1, , , , , , , , , , , ,2,3,3,2,3,3,3,2,5
190331,0,1,0, , , , , , , , , , , , , , , , , , , , , , , , , , , , , , , , , , , , , , , , , , , , , , , , , , , , , , , , , , , , , , , , , , , , , , , , , , , , , , , , , , , , , , , , , , , , , , , , , , , , , , , ,3, , , , ,1, ,2,5,5,5,1,1,1,5,1,7
190426,2,0,0, , , , , , , , , , , , , , , , , , , , , , , , , , , , , , , , , , , , , , , , , , , , , , , , , , , , , , , , , , , , , , , , , , , , , , , , , , , , , , , , , , , , , , , , , , , , , , , , , , , , ,1, , , , , , , ,3, ,2,6,5,5,2,1,1,4,7,7
190495,0,1,1, , , ,1, , , , , , , , , , , , , , , ,5, , , , , , , ,0, , , , , , , ,0, , , , , , , ,0, , , , , , , ,1, , , , , , , ,3, , , , , , , ,0, , , , , , , ,0, , , , , , , ,0, , , , , , , ,1, , , , ,2, , , , , , , , , , , , , , ,5,5,5,5,5,5,5,5,7
190535,0,2,1, ,3, , , , , , , , , , , , , , , ,4, , , , , , , ,0, , , , , , , ,0, , , , , , , ,0, , , , , , , ,1, , , , , , , ,3, , , , , , , ,0, , , , , , , ,0, , , , , , , ,0, , , , , , , ,1, , , , , , ,1,15,2,1, ,3, , , , , , ,3, ,3,5,5,5,5,5,6,5,6,7
190842,0,1,1, ,3, , , , , , , ,2, , , , , , , ,4, , , , , , , ,0, , , , , , , ,0, , , , , , , ,0, , , , , , , ,1, , , , , , , ,2, , , , , , , ,0, , , , , , , ,0, , , , , , , ,0, , , , , , , ,1, , , , , , ,1,14,2,1, ,1, , , , , , ,1, ,1,5,5,5,4,3,2,5,7,7
190717,0,1,0, , , , , , , , , , , , , , , , , , , , , , , , , , , , , , , , , , , , , , , , , , , , , , , , , , , , , , , , , , , , , , , , , , , , , , , , , , , , , , , , , , , , , , , , , , , , , , , , , , , , , ,2, , , , , , , , , ,3,5,5,6,1,6,3,6,7
190728,0,1,1, , , ,3, , , , , , , , , , , , , , , ,3, , , , , , , ,1, , , , , , , ,1, , , , , , , ,1, , , , , , , ,1, , , , , , , ,2, , , , , , , ,1, , , , , , , ,1, , , , , , , ,1, , , , , , , ,1, , , , ,2, , , , , , ,4, , , , , , , ,5,5,5,2,3,7,4,7,7
190739,1,0,0, , , , , , , , , , , , , , , , , , , , , , , , , , , , , , , , , , , , , , , , , , , , , , , , , , , , , , , , , , , , , , , , , , , , , , , , , , , , , , , , , , , , , , , , , , , , , , , , , , , , ,1, , , , , , , ,6, ,4,3,5,7,4,2,3,5,2,4
190967,0,1,0, , , , , , , , , , , , , , , , , , , , , , , , , , , , , , , , , , , , , , , , , , , , , , , , , , , , , , , , , , , , , , , , , , , , , , , , , , , , , , , , , , , , , , , , , , , , , , , , , , , , , , , ,1, , , , ,2, ,3,3,3,2,4,7,7,5,7,4
190979,0,2,1, ,1, , , , , , , , , , , , , , , ,3, , , , , , , ,0, , , , , , , ,0, , , , , , , ,0, , , , , , , ,1, , , , , , , ,2, , , , , , , ,0, , , , , , , ,0, , , , , , , ,0, , , , , , , ,1, , , , , , ,1,0,1,1, , , , , , , , , , , ,5,5,5,5,2,1,5,7,7
190983,1,0,1,1, , , , , , , , , , , , , , , ,5, , , , , , , ,0, , , , , , , ,0, , , , , , , ,1, , , , , , , ,0, , , , , , , ,2, , , , , , , ,0, , , , , , , ,0, , , , , , , ,1, , , , , , , ,0, , , , , , , ,2, , , , , , , , , , , , , , ,1,5,5,4,1,1,5,1,7
190991,0,1,1, ,1, , , , , , , ,2, , , , , , , ,4, , , , , , , ,0, , , , , , , ,0, , , , , , , ,0, , , , , , , ,1, , , , , , , ,3, , , , , , , ,0, , , , , , , ,0, , , , , , , ,0, , , , , , , ,1, , , , , , ,1,12,1,1, , , , , , , , , , , ,4,5,4,1,1,1,5,1,7
190910,0,1,1, ,1, , , , , , , , , , , , , , , ,3, , , , , , , ,0, , , , , , , ,0, , , , , , , ,0, , , , , , , ,1, , , , , , , ,2, , , , , , , ,0, , , , , , , ,0, , , , , , , ,0, , , , , , , ,1, , , , , , ,2, , , , , , , , , , , , , , ,2,3,3,7,1,1,3,7,5
191132,0,1,0, , , , , , , , , , , , , , , , , , , , , , , , , , , , , , , , , , , , , , , , , , , , , , , , , , , , , , , , , , , , , , , , , , , , , , , , , , , , , , , , , , , , , , , , , , , , , , , , , , , , , ,1, , , , , , ,4, ,2,5,5,5,3,1,1,5,1,7
191197,1,0,0, , , , , , , , , , , , , , , , , , , , , , , , , , , , , , , , , , , , , , , , , , , , , , , , , , , , , , , , , , , , , , , , , , , , , , , , , , , , , , , , , , , , , , , , , , , , , , , , , , , , ,3, , , , , , , ,4, ,2,5,5,5,1,5,1,5,1,7
191167,0,2,0, , , , , , , , , , , , , , , , , , , , , , , , , , , , , , , , , , , , , , , , , , , , , , , , , , , , , , , , , , , , , , , , , , , , , , , , , , , , , , , , , , , , , , , , , , , , , , , , , , , , , ,1, , , , , , ,4, ,1,2,5,5,3,7,7,4,3,7
191183,1,0,0, , , , , , , , , , , , , , , , , , , , , , , , , , , , , , , , , , , , , , , , , , , , , , , , , , , , , , , , , , , , , , , , , , , , , , , , , , , , , , , , , , , , , , , , , , , , , , , , , , , , , , ,1, , , , , ,2, ,2,4,6,3,5,5,3,5,3,5
191239,0,2,1, , , ,3, , , , , , , ,2, , , , , , , ,4, , , , , , , ,1, , , , , , , ,0, , , , , , , ,0, , , , , , , ,0, , , , , , , ,2, , , , , , , ,0, , , , , , , ,0, , , , , , , ,0, , , , , , , ,1, , , , ,2, , , , , , ,2, , , , , , , ,4,4,4,7,3,7,5,7,7
191221,0,1,1, , , ,3, , , , , , , , , , , , , , , ,4, , , , , , , ,0, , , , , , , ,0, , , , , , , ,0, , , , , , , ,1, , , , , , , ,3, , , , , , , ,0, , , , , , , ,0, , , , , , , ,0, , , , , , , ,1, , , , ,2, , , , , , ,2, , , , , , , ,5,5,5,5,5,7,5,7,5
191316,0,2,1, ,3, ,3, , , , , ,2, ,2, , , , , ,5, ,5, , , , , ,1, ,1, , , , , ,1, ,1, , , , , ,0, ,0, , , , , ,1, ,1, , , , , ,3, ,3, , , , , ,0, ,0, , , , , ,0, ,0, , , , , ,0, ,0, , , , , ,1, ,1, , , , ,2, , , , ,3, ,3, , , , ,1, ,1,5,5,5,5,5,5,5,7,7
191318,1,0,0, , , , , , , , , , , , , , , , , , , , , , , , , , , , , , , , , , , , , , , , , , , , , , , , , , , , , , , , , , , , , , , , , , , , , , , , , , , , , , , , , , , , , , , , , , , , , , , , , , , , ,1, , , , , , , ,2, ,3,5,5,5,4,7,1,5,7,4
191335,0,1,1, , , ,3, , , , , , , ,2, , , , , , , ,3, , , , , , , ,0, , , , , , , ,0, , , , , , , ,1, , , , , , , ,0, , , , , , , ,3, , , , , , , ,0, , , , , , , ,0, , , , , , , ,1, , , , , , , ,0, , , , ,2, , , , , , ,2, , , , , , , ,4,5,7,4,5,2,4,7,7
191347,1,1,1,3, , ,1, , , , ,1, , ,1, , , , ,2, , ,4, , , , ,0, , ,0, , , , ,0, , ,0, , , , ,0, , ,0, , , , ,1, , ,1, , , , ,1, , ,3, , , , , , , ,0, , , , , , , ,0, , , , , , , ,0, , , , , , , ,1, , , , ,2, , , ,1, , , , , , , ,3, ,2,4,2,4,4,3,3,4,3,6
191649,2,0,0, , , , , , , , , , , , , , , , , , , , , , , , , , , , , , , , , , , , , , , , , , , , , , , , , , , , , , , , , , , , , , , , , , , , , , , , , , , , , , , , , , , , , , , , , , , , , , , , , , , , , , ,3, , , , , ,4, ,3,3,3,3,3,3,3,3,3,4
191662,0,3,1, ,2, ,2, , , , , , , , , , , , , , , , , , , , , , , , , , , , , , , , , , , , , , , , , , , , , , , , , , , , , , , , , , , , , , , , , , , , , , , , , , , , , , , , , , , , , , , , , , , , ,1,21,1,1, ,1, ,1, , , , ,3, ,1,4,4,4,1,4,1,5,7,7
191506,0,1,1, ,3, , , , , , , , , , , , , , , ,5, , , , , , , ,1, , , , , , , ,1, , , , , , , ,0, , , , , , , ,0, , , , , , , ,3, , , , , , , ,1, , , , , , , ,1, , , , , , , ,0, , , , , , , ,0, , , , , , ,1,0,1,3, ,3, , , , , , ,3, ,2,5,5,5,5,5,2,5,3,6
191523,1,0,1,3, , , , , , , , , , , , , , , ,3, , , , , , , ,0, , , , , , , ,0, , , , , , , ,1, , , , , , , ,0, , , , , , , ,3, , , , , , , ,0, , , , , , , ,0, , , , , , , ,1, , , , , , , ,0, , , , , , , ,2, , , ,3, , , , , , , ,4, ,2,3,3,3,3,3,3,4,3,4
191769,0,1,0, , , , , , , , , , , , , , , , , , , , , , , , , , , , , , , , , , , , , , , , , , , , , , , , , , , , , , , , , , , , , , , , , , , , , , , , , , , , , , , , , , , , , , , , , , , , , , , , , , , , , , , ,3, , , , ,2, ,3,5,5,5,5,5,5,5,5,7
191798,1,0,0, , , , , , , , , , , , , , , , , , , , , , , , , , , , , , , , , , , , , , , , , , , , , , , , , , , , , , , , , , , , , , , , , , , , , , , , , , , , , , , , , , , , , , , , , , , , , , , , , , , , ,1, , , , , , , ,4, ,3,2,7,7,7,7,7,3,7,5
191808,0,1,0, , , , , , , , , , , , , , , , , , , , , , , , , , , , , , , , , , , , , , , , , , , , , , , , , , , , , , , , , , , , , , , , , , , , , , , , , , , , , , , , , , , , , , , , , , , , , , , , , , , , , ,3, , , , , , ,3, ,2,6,5,5,5,5,1,5,6,5
191879,0,1,0, , , , , , , , , , , , , , , , , , , , , , , , , , , , , , , , , , , , , , , , , , , , , , , , , , , , , , , , , , , , , , , , , , , , , , , , , , , , , , , , , , , , , , , , , , , , , , , , , , , , , , , ,3, , , , ,2, ,3,5,5,5,3,6,7,5,7,4
192005,1,0,0, , , , , , , , , , , , , , , , , , , , , , , , , , , , , , , , , , , , , , , , , , , , , , , , , , , , , , , , , , , , , , , , , , , , , , , , , , , , , , , , , , , , , , , , , , , , , , , , , , , , ,5, , , , , , , , , , ,1,1,1,1,1,1,5,1,4
192057,0,1,1, ,1, , , , , , , , , , , , , , , ,5, , , , , , , ,0, , , , , , , ,0, , , , , , , ,0, , , , , , , ,1, , , , , , , ,3, , , , , , , ,0, , , , , , , ,0, , , , , , , ,0, , , , , , , ,1, , , , , , ,1,18,2,1, , , , , , , , , , , ,2,2,2,2,1,7,2,1,5
192084,1,0,0, , , , , , , , , , , , , , , , , , , , , , , , , , , , , , , , , , , , , , , , , , , , , , , , , , , , , , , , , , , , , , , , , , , , , , , , , , , , , , , , , , , , , , , , , , , , , , , , , , , , ,2, , , , , , , , , , ,1,1,1,1,1,1,1,1,4
192085,1,0,1,3, , , , , , , , , , , , , , , ,5, , , , , , , ,1, , , , , , , ,1, , , , , , , ,1, , , , , , , ,1, , , , , , , ,1, , , , , , , , , , , , , , , , , , , , , , , , , , , , , , , , , , , , , , , ,2, , , ,1, , , , , , , ,1, ,1,4,5,5,4,4,4,5,6,7
192086,1,0,1,2, , , , , , , , , , , , , , , , , , , , , , , , , , , , , , , , , , , , , , , , , , , , , , , , , , , , , , , , , , , , , , , , , , , , , , , , , , , , , , , , , , , , , , , , , , , , , , , ,2, , , ,1, , , , , , , ,4, ,2,5,5,5,5,5,1,5,1,4
192090,1,0,1,3, , , , , , , , , , , , , , , ,5, , , , , , , ,1, , , , , , , ,1, , , , , , , ,0, , , , , , , ,0, , , , , , , ,2, , , , , , , ,1, , , , , , , ,0, , , , , , , ,0, , , , , , , ,0, , , , , , , ,2, , , ,1, , , , , , , ,1, ,1,5,5,5,5,5,1,5,1,7
192028,1,0,1,1, , , , , , , , , , , , , , , ,3, , , , , , , ,1, , , , , , , ,0, , , , , , , ,0, , , , , , , ,0, , , , , , , ,2, , , , , , , ,0, , , , , , , ,1, , , , , , , ,0, , , , , , , ,0, , , , , , , ,2, , , , , , , , , , , , , , ,4,3,4,3,1,1,3,1,6
192034,0,1,0, , , , , , , , , , , , , , , , , , , , , , , , , , , , , , , , , , , , , , , , , , , , , , , , , , , , , , , , , , , , , , , , , , , , , , , , , , , , , , , , , , , , , , , , , , , , , , , , , , , , , , , ,2, , , , , , , ,4,5,4,5,4,2,5,7,7
192119,0,2,1, ,3, ,3, , , , , , , , , , , , , ,3, ,3, , , , , ,0, ,0, , , , , ,1, ,1, , , , , ,0, ,0, , , , , ,0, ,0, , , , , ,1, ,1, , , , , , , , , , , , , , , , , , , , , , , , , , , , , , , , , , , , ,2, , , , ,3, ,3, , , , ,2, ,2,5,5,5,2,1,1,5,1,7
192128,0,1,0, , , , , , , , , , , , , , , , , , , , , , , , , , , , , , , , , , , , , , , , , , , , , , , , , , , , , , , , , , , , , , , , , , , , , , , , , , , , , , , , , , , , , , , , , , , , , , , , , , , , , ,4, , , , , , , , , ,3,3,2,3,6,7,4,7,7
192129,0,1,1, , , ,1, , , , , , , , , , , , , , , ,4, , , , , , , ,0, , , , , , , ,0, , , , , , , ,1, , , , , , , ,0, , , , , , , ,2, , , , , , , ,0, , , , , , , ,0, , , , , , , ,0, , , , , , , ,1, , , , ,2, , , , , , , , , , , , , , ,5,5,5,5,7,7,5,7,7
192215,1,0,1,1, , , , , , , , , , , , , , , ,5, , , , , , , ,0, , , , , , , ,0, , , , , , , ,1, , , , , , , ,1, , , , , , , ,3, , , , , , , ,1, , , , , , , ,1, , , , , , , ,1, , , , , , , ,1, , , , , , , ,2, , , , , , , , , , , , , , ,5,5,5,5,5,1,5,1,5
190307,0,140,1, ,3, ,3, , , , , , , , , , , , , ,5, ,3, , , , , ,0, ,0, , , , , ,0, ,1, , , , , ,0, ,0, , , , , ,1, ,0, , , , , ,3, ,3, , , , , ,1, ,0, , , , , ,1, ,0, , , , , ,0, ,1, , , , , ,0, ,1, , , , ,1,32,3,1, ,1, ,1, , , , ,1, ,1,5,5,5,7,4,6,5,6,7
190960,0,3,0, , , , , , , , , , , , , , , , , , , , , , , , , , , , , , , , , , , , , , , , , , , , , , , , , , , , , , , , , , , , , , , , , , , , , , , , , , , , , , , , , , , , , , , , , , , , , , , , , , , , , , , ,3, , , , ,5,free supercharging,2,5,5,5,3,2,1,4,1,7
191053,1,0,0, , , , , , , , , , , , , , , , , , , , , , , , , , , , , , , , , , , , , , , , , , , , , , , , , , , , , , , , , , , , , , , , , , , , , , , , , , , , , , , , , , , , , , , , , , , , , , , , , , , , ,1, , , , , , , ,4, ,2,5,5,5,7,7,6,5,7,7
191192,0,1,0, , , , , , , , , , , , , , , , , , , , , , , , , , , , , , , , , , , , , , , , , , , , , , , , , , , , , , , , , , , , , , , , , , , , , , , , , , , , , , , , , , , , , , , , , , , , , , , , , , , , , ,1, , , , , , ,2, ,3,3,3,3,7,1,2,3,7,7
192089,0,1,0, , , , , , , , , , , , , , , , , , , , , , , , , , , , , , , , , , , , , , , , , , , , , , , , , , , , , , , , , , , , , , , , , , , , , , , , , , , , , , , , , , , , , , , , , , , , , , , , , , , , , ,1, , , , , , ,4, ,2,1,1,1,1,1,1,1,1,6
190443,1,0,0, , , , , , , , , , , , , , , , , , , , , , , , , , , , , , , , , , , , , , , , , , , , , , , , , , , , , , , , , , , , , , , , , , , , , , , , , , , , , , , , , , , , , , , , , , , , , , , , , , , , , , ,1, , , , , ,4, ,1,4,7,4,4,1,7,4,7,5
190806,0,1,0, , , , , , , , , , , , , , , , , , , , , , , , , , , , , , , , , , , , , , , , , , , , , , , , , , , , , , , , , , , , , , , , , , , , , , , , , , , , , , , , , , , , , , , , , , , , , , , , , , , , , , , ,1, , , , ,3, ,2,3,3,3,2,1,1,1,1,6
190826,1,0,1,2, , , , , , , , , , , , , , , , , , , , , , , , , , , , , , , , , , , , , , , , , , , , , , , , , , , , , , , , , , , , , , , , , , , , , , , , , , , , , , , , , , , , , , , , , , , , , , , ,2, , , ,1, , , , , , , ,4, ,1,4,4,4,3,4,2,4,7,5
190957,2,1,1, , ,2,2, , , , , , , , , , , , , , , , , , , , , , , , , , , , , , , , , , , , , , , , , , , , , , , , , , , , , , , , , , , , , , , , , , , , , , , , , , , , , , , , , , , , , , , , , , , , ,2, , , , , ,5,1, , , , ,6, ,4,4,4,5,3,5,6,5,7,5
191004,0,1,1, ,1, , , , , , , , , , , , , , , ,4, , , , , , , ,0, , , , , , , ,1, , , , , , , ,0, , , , , , , ,0, , , , , , , ,3, , , , , , , ,0, , , , , , , ,1, , , , , , , ,0, , , , , , , ,0, , , , , , ,2, , , , , , , , , , , , , , ,5,5,5,4,3,4,3,5,7
191119,0,2,0, , , , , , , , , , , , , , , , , , , , , , , , , , , , , , , , , , , , , , , , , , , , , , , , , , , , , , , , , , , , , , , , , , , , , , , , , , , , , , , , , , , , , , , , , , , , , , , , , , , , , ,1, , , , , , ,1, ,1,5,5,5,3,4,7,5,7,4
191802,1,0,0, , , , , , , , , , , , , , , , , , , , , , , , , , , , , , , , , , , , , , , , , , , , , , , , , , , , , , , , , , , , , , , , , , , , , , , , , , , , , , , , , , , , , , , , , , , , , , , , , , , , ,1, , , , , , , ,1, ,1,4,4,4,3,2,1,5,7,7
190256,9,6,1,3,3,3,3, , , , ,1,1,1,1, , , , ,4,4,4,4, , , , ,0,0,0,0, , , , ,0,0,0,0, , , , ,0,0,0,0, , , , ,1,1,1,1, , , , ,2,2,2,2, , , , ,0,0,0,0, , , , ,0,0,0,0, , , , ,0,0,0,0, , , , ,1,1,1,1, , , , ,2, , , ,5,5,5,5, , , , , , , ,6,6,6,6,6,6,5,6,5
190263,1,0,0, , , , , , , , , , , , , , , , , , , , , , , , , , , , , , , , , , , , , , , , , , , , , , , , , , , , , , , , , , , , , , , , , , , , , , , , , , , , , , , , , , , , , , , , , , , , , , , , , , , , ,3, , , , , , , ,3, ,2,4,4,4,2,1,1,2,1,5
190706,1,2,1, ,1,1, , , , , , , , , , , , , , ,2,2, , , , , , ,1,1, , , , , , ,1,1, , , , , , ,0,0, , , , , , ,0,0, , , , , , ,1,1, , , , , , , , , , , , , , , , , , , , , , , , , , , , , , , , , , , , , ,2, , , , , , , , , , , , , , ,6,6,6,6,7,6,2,2,4
190790,0,1,1, , , ,1, , , , , , , , , , , , , , , ,4, , , , , , , ,1, , , , , , , ,0, , , , , , , ,0, , , , , , , ,0, , , , , , , ,2, , , , , , , ,0, , , , , , , ,0, , , , , , , ,0, , , , , , , ,1, , , , ,2, , , , , , , , , , , , , , ,5,5,5,5,5,5,5,5,4
190662,0,1,0, , , , , , , , , , , , , , , , , , , , , , , , , , , , , , , , , , , , , , , , , , , , , , , , , , , , , , , , , , , , , , , , , , , , , , , , , , , , , , , , , , , , , , , , , , , , , , , , , , , , , ,1, , , , , , ,3, ,2,5,4,5,1,3,1,3,1,7
190987,0,1,1, ,1, , , , , , , , , , , , , , , ,5, , , , , , , ,0, , , , , , , ,0, , , , , , , ,0, , , , , , , ,1, , , , , , , ,3, , , , , , , ,0, , , , , , , ,0, , , , , , , ,0, , , , , , , ,1, , , , , , ,2, , , , , , , , , , , , , , ,6,5,5,6,6,6,5,6,5
190928,0,1,0, , , , , , , , , , , , , , , , , , , , , , , , , , , , , , , , , , , , , , , , , , , , , , , , , , , , , , , , , , , , , , , , , , , , , , , , , , , , , , , , , , , , , , , , , , , , , , , , , , , , , ,3, , , , , , ,6, ,3,5,5,5,5,5,5,5,5,5
191675,1,0,0, , , , , , , , , , , , , , , , , , , , , , , , , , , , , , , , , , , , , , , , , , , , , , , , , , , , , , , , , , , , , , , , , , , , , , , , , , , , , , , , , , , , , , , , , , , , , , , , , , , , , , ,3, , , , , ,6, ,2,5,5,6,6,6,6,5,6,5
191771,0,2,1, ,3, , , , , , , ,2, , , , , , , ,4, , , , , , , ,0, , , , , , , ,0, , , , , , , ,0, , , , , , , ,1, , , , , , , ,2, , , , , , , ,0, , , , , , , ,0, , , , , , , ,0, , , , , , , ,1, , , , , , ,2, , , , ,3, , , , , , ,1, ,1,5,5,5,5,5,5,5,1,7
192144,0,1,1, ,1, , , , , , , , , , , , , , , ,5, , , , , , , ,1, , , , , , , ,1, , , , , , , ,1, , , , , , , ,1, , , , , , , ,3, , , , , , , ,1, , , , , , , ,1, , , , , , , ,1, , , , , , , ,1, , , , , , ,2, , , , , , , , , , , , , , ,6,6,6,6,6,6,6,6,4
192163,0,30,0, , , , , , , , , , , , , , , , , , , , , , , , , , , , , , , , , , , , , , , , , , , , , , , , , , , , , , , , , , , , , , , , , , , , , , , , , , , , , , , , , , , , , , , , , , , , , , , , , , , , , , , ,4, , , , , , , ,4,5,4,5,5,5,5,4,4
190010,50,0,1, , ,1, , , , , , , , , , , , , , , ,5, , , , , , , ,1, , , , , , , ,0, , , , , , , ,0, , , , , , , ,0, , , , , , , ,2, , , , , , , ,0, , , , , , , ,1, , , , , , , ,0, , , , , , , ,0, , , , , ,1,850,2,1, , , , , , , , , , , ,4,4,4,4,4,4,4,2,2
190044,1,0,0, , , , , , , , , , , , , , , , , , , , , , , , , , , , , , , , , , , , , , , , , , , , , , , , , , , , , , , , , , , , , , , , , , , , , , , , , , , , , , , , , , , , , , , , , , , , , , , , , , , , ,3, , , , , , , ,3, ,2,5,5,5,3,4,6,5,7,5
190168,1,0,1,1, , , , , , , , , , , , , , , ,3, , , , , , , ,0, , , , , , , ,0, , , , , , , ,0, , , , , , , ,1, , , , , , , ,2, , , , , , , ,0, , , , , , , ,0, , , , , , , ,0, , , , , , , ,1, , , , , , , ,2, , , , , , , , , , , , , , ,4,6,3,3,3,1,3,1,5
190180,2,0,1,3, , , , , , , , , , , , , , , ,5, , , , , , , ,0, , , , , , , ,0, , , , , , , ,0, , , , , , , ,1, , , , , , , ,3, , , , , , , ,0, , , , , , , ,0, , , , , , , ,1, , , , , , , ,1, , , , , , , ,2, , , ,1, , , , , , , ,2, ,2,3,3,3,7,2,7,5,7,7
190463,0,1,0, , , , , , , , , , , , , , , , , , , , , , , , , , , , , , , , , , , , , , , , , , , , , , , , , , , , , , , , , , , , , , , , , , , , , , , , , , , , , , , , , , , , , , , , , , , , , , , , , , , , , ,1, , , , , , ,1, ,2,4,4,4,3,2,1,4,1,4
190510,0,1,0, , , , , , , , , , , , , , , , , , , , , , , , , , , , , , , , , , , , , , , , , , , , , , , , , , , , , , , , , , , , , , , , , , , , , , , , , , , , , , , , , , , , , , , , , , , , , , , , , , , , , , , ,1, , , , ,3, ,2,5,5,5,5,5,1,5,4,7
190699,0,1,1, ,3, , , , , , , , , , , , , , , ,3, , , , , , , ,1, , , , , , , ,1, , , , , , , ,0, , , , , , , ,0, , , , , , , ,2, , , , , , , ,1, , , , , , , ,0, , , , , , , ,0, , , , , , , ,0, , , , , , ,2, , , , ,3, , , , , , ,4, ,2,3,3,2,4,1,2,1,1,5
190815,0,2,1, ,1, , , , , , , , , , , , , , , ,4, , , , , , , ,1, , , , , , , ,1, , , , , , , ,0, , , , , , , ,0, , , , , , , ,2, , , , , , , ,1, , , , , , , ,0, , , , , , , ,0, , , , , , , ,0, , , , , , ,2, , , , , , , , , , , , , , ,1,3,3,1,1,1,3,1,7
190964,0,1,1, ,1, , , , , , , , , , , , , , , ,3, , , , , , , ,0, , , , , , , ,0, , , , , , , ,0, , , , , , , ,1, , , , , , , ,3, , , , , , , ,0, , , , , , , ,0, , , , , , , ,0, , , , , , , ,1, , , , , , ,2, , , , , , , , , , , , , , ,5,5,5,1,1,1,5,1,7
191064,0,1,0, , , , , , , , , , , , , , , , , , , , , , , , , , , , , , , , , , , , , , , , , , , , , , , , , , , , , , , , , , , , , , , , , , , , , , , , , , , , , , , , , , , , , , , , , , , , , , , , , , , , , ,3, , , , , , ,1, ,3,5,5,5,5,7,7,5,7,7
191770,1,0,0, , , , , , , , , , , , , , , , , , , , , , , , , , , , , , , , , , , , , , , , , , , , , , , , , , , , , , , , , , , , , , , , , , , , , , , , , , , , , , , , , , , , , , , , , , , , , , , , , , , , , , ,1, , , , , ,4, ,2,4,3,3,3,2,1,5,7,7
191923,3,0,1,1, , , , , , , , , , , , , , , ,5, , , , , , , ,1, , , , , , , ,1, , , , , , , ,0, , , , , , , ,0, , , , , , , ,2, , , , , , , ,1, , , , , , , ,0, , , , , , , ,0, , , , , , , ,0, , , , , , , ,1,18,3,1, , , , , , , , , , , ,3,3,3,1,1,1,1,1,7
192105,0,1,0, , , , , , , , , , , , , , , , , , , , , , , , , , , , , , , , , , , , , , , , , , , , , , , , , , , , , , , , , , , , , , , , , , , , , , , , , , , , , , , , , , , , , , , , , , , , , , , , , , , , , ,3, , , , , , ,4, ,4,6,7,6,6,2,6,6,7,6
192027,0,1,0, , , , , , , , , , , , , , , , , , , , , , , , , , , , , , , , , , , , , , , , , , , , , , , , , , , , , , , , , , , , , , , , , , , , , , , , , , , , , , , , , , , , , , , , , , , , , , , , , , , , , ,3, , , , , , ,3, ,2,5,5,5,2,6,6,5,7,4
190047,10,0,0, , , , , , , , , , , , , , , , , , , , , , , , , , , , , , , , , , , , , , , , , , , , , , , , , , , , , , , , , , , , , , , , , , , , , , , , , , , , , , , , , , , , , , , , , , , , , , , , , , , , ,1, , , , , , , ,1, ,1,5,4,3,4,3,5,3,5,5
190736,0,1,0, , , , , , , , , , , , , , , , , , , , , , , , , , , , , , , , , , , , , , , , , , , , , , , , , , , , , , , , , , , , , , , , , , , , , , , , , , , , , , , , , , , , , , , , , , , , , , , , , , , , , , , ,1, , , , ,2, ,2,5,5,5,5,7,7,3,7,5
190607,3,0,1,1, ,1, , , , , , , , , , , , , ,3, ,3, , , , , ,1, ,0, , , , , ,0, ,1, , , , , ,0, ,0, , , , , ,0, ,0, , , , , ,2, ,2, , , , , ,1, ,1, , , , , ,0, ,0, , , , , ,0, ,0, , , , , ,0, ,0, , , , , ,2, , , , , , , , , , , , , , ,2,2,2,6,7,6,6,7,4
190637,1,0,0, , , , , , , , , , , , , , , , , , , , , , , , , , , , , , , , , , , , , , , , , , , , , , , , , , , , , , , , , , , , , , , , , , , , , , , , , , , , , , , , , , , , , , , , , , , , , , , , , , , , ,1, , , , , , , ,4, ,2,6,4,4,4,6,7,7,7,5
190914,0,1,1, ,1, , , , , , , ,2, , , , , , , ,5, , , , , , , ,0, , , , , , , ,0, , , , , , , ,0, , , , , , , ,1, , , , , , , ,3, , , , , , , ,0, , , , , , , ,0, , , , , , , ,0, , , , , , , ,1, , , , , , ,1,13,1,1, , , , , , , , , , , ,5,5,5,3,2,1,4,1,7
191059,0,1,1, , , ,1, , , , , , , , , , , , , , , ,4, , , , , , , ,0, , , , , , , ,0, , , , , , , ,0, , , , , , , ,1, , , , , , , ,2, , , , , , , ,0, , , , , , , ,0, , , , , , , ,0, , , , , , , ,1, , , , ,2, , , , , , , , , , , , , , ,3,5,4,3,7,7,3,7,5
192256,1,0,0, , , , , , , , , , , , , , , , , , , , , , , , , , , , , , , , , , , , , , , , , , , , , , , , , , , , , , , , , , , , , , , , , , , , , , , , , , , , , , , , , , , , , , , , , , , , , , , , , , , , ,1, , , , , , , ,6, ,4,6,6,5,6,6,6,4,6,7
191325,2,0,0, , , , , , , , , , , , , , , , , , , , , , , , , , , , , , , , , , , , , , , , , , , , , , , , , , , , , , , , , , , , , , , , , , , , , , , , , , , , , , , , , , , , , , , , , , , , , , , , , , , , ,1, , , , , , , ,2, ,1,1,5,1,1,1,5,5,1,7
191338,0,1,0, , , , , , , , , , , , , , , , , , , , , , , , , , , , , , , , , , , , , , , , , , , , , , , , , , , , , , , , , , , , , , , , , , , , , , , , , , , , , , , , , , , , , , , , , , , , , , , , , , , , , , , ,3, , , , ,3, ,3,5,5,5,5,5,1,1,1,7
191339,0,1,0, , , , , , , , , , , , , , , , , , , , , , , , , , , , , , , , , , , , , , , , , , , , , , , , , , , , , , , , , , , , , , , , , , , , , , , , , , , , , , , , , , , , , , , , , , , , , , , , , , , , , , , ,1, , , , ,3, ,3,5,5,5,5,5,1,1,1,7
191464,0,2,1, ,1, , , , , , , , , , , , , , , ,3, , , , , , , ,0, , , , , , , ,0, , , , , , , ,1, , , , , , , ,0, , , , , , , ,2, , , , , , , ,1, , , , , , , ,0, , , , , , , ,0, , , , , , , ,0, , , , , , ,2, , , , , , , , , , , , , , ,3,3,3,4,3,7,3,7,7
191395,0,2,1, ,1, , , , , , , , , , , , , , , ,5, , , , , , , ,0, , , , , , , ,0, , , , , , , ,1, , , , , , , ,1, , , , , , , ,3, , , , , , , ,0, , , , , , , ,0, , , , , , , ,1, , , , , , , ,1, , , , , , ,1,20,2,1, , , , , , , , , , , ,1,2,2,1,1,1,2,1,7
191418,0,1,0, , , , , , , , , , , , , , , , , , , , , , , , , , , , , , , , , , , , , , , , , , , , , , , , , , , , , , , , , , , , , , , , , , , , , , , , , , , , , , , , , , , , , , , , , , , , , , , , , , , , , ,1, , , , , , ,1, ,2,5,5,5,5,7,7,2,7,5
191524,1,0,0, , , , , , , , , , , , , , , , , , , , , , , , , , , , , , , , , , , , , , , , , , , , , , , , , , , , , , , , , , , , , , , , , , , , , , , , , , , , , , , , , , , , , , , , , , , , , , , , , , , , ,3, , , , , , , ,4, ,1,1,2,2,2,3,1,2,2,4
191799,0,1,0, , , , , , , , , , , , , , , , , , , , , , , , , , , , , , , , , , , , , , , , , , , , , , , , , , , , , , , , , , , , , , , , , , , , , , , , , , , , , , , , , , , , , , , , , , , , , , , , , , , , , ,1, , , , , , ,3, ,2,6,5,5,6,7,7,7,7,4
192054,0,1,0, , , , , , , , , , , , , , , , , , , , , , , , , , , , , , , , , , , , , , , , , , , , , , , , , , , , , , , , , , , , , , , , , , , , , , , , , , , , , , , , , , , , , , , , , , , , , , , , , , , , , , , ,1, , , , ,4, ,1,5,5,5,5,7,7,5,7,5
192096,2,0,1,3, , , , , , , ,2, , , , , , , ,4, , , , , , , ,0, , , , , , , ,1, , , , , , , ,0, , , , , , , ,0, , , , , , , ,2, , , , , , , ,0, , , , , , , ,1, , , , , , , ,0, , , , , , , ,0, , , , , , , ,2, , , ,5, , , , , , , , , , ,5,5,5,5,3,3,3,6,4
192025,0,1,1, , , ,1, , , , , , , , , , , , , , , ,3, , , , , , , ,0, , , , , , , ,1, , , , , , , ,0, , , , , , , ,0, , , , , , , ,2, , , , , , , ,0, , , , , , , ,1, , , , , , , ,0, , , , , , , ,0, , , , ,1,0,1,1, , , , , , , , , , , ,7,7,4,3,1,7,3,7,7
190080,0,1,0, , , , , , , , , , , , , , , , , , , , , , , , , , , , , , , , , , , , , , , , , , , , , , , , , , , , , , , , , , , , , , , , , , , , , , , , , , , , , , , , , , , , , , , , , , , , , , , , , , , , , ,3, , , , , , ,2, ,2,5,5,5,6,6,6,5,7,4
190427,1,0,0, , , , , , , , , , , , , , , , , , , , , , , , , , , , , , , , , , , , , , , , , , , , , , , , , , , , , , , , , , , , , , , , , , , , , , , , , , , , , , , , , , , , , , , , , , , , , , , , , , , , , , ,1, , , , , ,4, ,2,5,5,5,2,3,2,5,7,7
191792,5,11,1,1,1, ,1, , , , ,2,3, ,3, , , , ,5,5, ,5, , , , ,0,0, ,0, , , , ,0,0, ,0, , , , ,0,0, ,0, , , , ,1,1, ,1, , , , ,3,3, ,3, , , , ,0,0, ,0, , , , ,0,0, ,0, , , , ,0,0, ,0, , , , ,1,1, ,1, , , , ,2, , , , , , , , , , , , , , ,7,4,4,7,7,7,5,7,7
191872,8,0,0, , , , , , , , , , , , , , , , , , , , , , , , , , , , , , , , , , , , , , , , , , , , , , , , , , , , , , , , , , , , , , , , , , , , , , , , , , , , , , , , , , , , , , , , , , , , , , , , , , , , ,2, , , , , , , , , , ,5,5,5,5,1,1,2,1,6
191873,0,5,1, ,3, ,3, , , , , ,1, ,1, , , , , ,5, ,5, , , , , ,1, ,1, , , , , ,1, ,1, , , , , ,1, ,1, , , , , ,1, ,1, , , , , ,3, ,3, , , , , ,1, ,1, , , , , ,1, ,1, , , , , ,1, ,1, , , , , ,1, ,1, , , , ,2, , , , ,3, ,3, , , , ,3, ,2,3,1,1,1,3,4,4,7,4
191988,1,0,1,1, , , , , , , , , , , , , , , ,3, , , , , , , ,0, , , , , , , ,0, , , , , , , ,0, , , , , , , ,1, , , , , , , ,3, , , , , , , ,0, , , , , , , ,0, , , , , , , ,0, , , , , , , ,1, , , , , , , ,2, , , , , , , , , , , , , , ,1,3,3,1,1,1,3,1,7
192130,1,0,1,1, , , , , , , , , , , , , , , ,4, , , , , , , ,1, , , , , , , ,0, , , , , , , ,0, , , , , , , ,0, , , , , , , ,2, , , , , , , ,1, , , , , , , ,0, , , , , , , ,0, , , , , , , ,0, , , , , , , ,2, , , , , , , , , , , , , , ,7,4,4,7,7,7,4,7,5
190012,50,0,0, , , , , , , , , , , , , , , , , , , , , , , , , , , , , , , , , , , , , , , , , , , , , , , , , , , , , , , , , , , , , , , , , , , , , , , , , , , , , , , , , , , , , , , , , , , , , , , , , , , , , , , , ,2, , , , , , ,2,1,2,1,3,2,3,2,5
190023,230,60,1,1, ,2, ,1,3,2, ,1, , , ,2,1, , ,4, , , ,4,4, , ,0, , , ,0,1, , ,1, , , ,1,0, , ,1, , , ,0,1, , ,0, , , ,0,0, , ,2, , , ,3,3, , ,1, , , ,0,1, , ,1, , , ,1,1, , ,1, , , ,1,1, , ,0, , , ,1,0, , ,2, , , , , ,2, , ,1,2, ,1, ,1,4,3,4,4,3,4,5,5,1
190024,46,0,1, , ,3, , , , , , , , , , , , , , , ,3, , , , , , , ,0, , , , , , , ,1, , , , , , , ,0, , , , , , , ,0, , , , , , , ,2, , , , , , , ,0, , , , , , , ,1, , , , , , , ,0, , , , , , , ,0, , , , , ,2, , , , , ,2, , , , , , , , ,2,3,3,4,4,3,3,2,4
190456,0,1,1, ,3, , , , , , , , , , , , , , , ,4, , , , , , , ,1, , , , , , , ,0, , , , , , , ,0, , , , , , , ,0, , , , , , , ,2, , , , , , , ,0, , , , , , , ,1, , , , , , , ,0, , , , , , , ,0, , , , , , ,2, , , , ,1, , , , , , ,4, ,1,4,4,4,6,7,7,6,7,4
190793,1,0,0, , , , , , , , , , , , , , , , , , , , , , , , , , , , , , , , , , , , , , , , , , , , , , , , , , , , , , , , , , , , , , , , , , , , , , , , , , , , , , , , , , , , , , , , , , , , , , , , , , , , ,3, , , , , , , ,4, ,2,5,5,5,5,2,2,5,1,7
192113,0,1,1, ,3, , , , , , , , , , , , , , , ,5, , , , , , , ,1, , , , , , , ,0, , , , , , , ,0, , , , , , , ,1, , , , , , , ,3, , , , , , , ,0, , , , , , , ,1, , , , , , , ,0, , , , , , , ,0, , , , , , ,2, , , , ,1, , , , , , ,1, ,1,6,6,6,1,3,1,4,1,7
190624,0,1,1, ,3, , , , , , , , , , , , , , , ,5, , , , , , , ,1, , , , , , , ,1, , , , , , , ,1, , , , , , , ,0, , , , , , , ,2, , , , , , , ,1, , , , , , , ,1, , , , , , , ,1, , , , , , , ,1, , , , , , ,2, , , , ,1, , , , , , ,3, ,2,3,4,4,4,1,6,5,7,4
190644,0,1,1, ,3, , , , , , , , , , , , , , , ,3, , , , , , , ,0, , , , , , , ,1, , , , , , , ,1, , , , , , , ,0, , , , , , , ,2, , , , , , , ,0, , , , , , , ,0, , , , , , , ,1, , , , , , , ,1, , , , , , ,1,19,1,1, ,1, , , , , , ,3, ,2,5,5,5,2,2,6,5,7,7
190996,5,0,0, , , , , , , , , , , , , , , , , , , , , , , , , , , , , , , , , , , , , , , , , , , , , , , , , , , , , , , , , , , , , , , , , , , , , , , , , , , , , , , , , , , , , , , , , , , , , , , , , , , , ,1, , , , , , , ,3, ,2,4,4,3,4,3,1,5,3,5
190880,0,1,0, , , , , , , , , , , , , , , , , , , , , , , , , , , , , , , , , , , , , , , , , , , , , , , , , , , , , , , , , , , , , , , , , , , , , , , , , , , , , , , , , , , , , , , , , , , , , , , , , , , , , , , ,1, , , , ,1, ,1,6,1,5,5,6,6,5,7,7
190926,1,0,1,1, , , , , , , , , , , , , , , ,5, , , , , , , ,1, , , , , , , ,1, , , , , , , ,1, , , , , , , ,1, , , , , , , ,3, , , , , , , ,1, , , , , , , ,1, , , , , , , ,1, , , , , , , ,1, , , , , , , ,2, , , , , , , , , , , , , , ,4,5,5,3,3,7,4,7,7
191199,0,1,1, ,1, , , , , , , , , , , , , , , ,5, , , , , , , ,0, , , , , , , ,0, , , , , , , ,0, , , , , , , ,1, , , , , , , ,3, , , , , , , ,0, , , , , , , ,0, , , , , , , ,0, , , , , , , ,1, , , , , , ,1,27,2,1, , , , , , , , , , , ,4,5,5,7,6,6,4,7,5
191308,7,2,1,1,1, , ,1, , , ,3,3, , ,2, , , ,5,5, , ,5, , , ,0,0, , ,0, , , ,0,0, , ,0, , , ,0,0, , ,0, , , ,1,1, , ,1, , , ,3,3, , ,3, , , ,0,0, , ,0, , , ,0,0, , ,0, , , ,0,0, , ,0, , , ,1,1, , ,1, , , ,2, , , , , , , , , , , , , , ,4,4,4,4,4,3,3,7,5
191310,0,1,0, , , , , , , , , , , , , , , , , , , , , , , , , , , , , , , , , , , , , , , , , , , , , , , , , , , , , , , , , , , , , , , , , , , , , , , , , , , , , , , , , , , , , , , , , , , , , , , , , , , , , , , ,1, , , , ,1, ,3,5,5,5,5,5,5,5,5,6
191236,1,0,0, , , , , , , , , , , , , , , , , , , , , , , , , , , , , , , , , , , , , , , , , , , , , , , , , , , , , , , , , , , , , , , , , , , , , , , , , , , , , , , , , , , , , , , , , , , , , , , , , , , , , , ,1, , , , , ,4, ,2,5,5,5,5,4,1,5,2,5
191242,0,1,0, , , , , , , , , , , , , , , , , , , , , , , , , , , , , , , , , , , , , , , , , , , , , , , , , , , , , , , , , , , , , , , , , , , , , , , , , , , , , , , , , , , , , , , , , , , , , , , , , , , , , ,3, , , , , , ,1, ,1,5,5,5,5,5,5,5,7,6
191260,0,1,1, , , ,3, , , , , , , , , , , , , , , ,4, , , , , , , ,0, , , , , , , ,0, , , , , , , ,1, , , , , , , ,0, , , , , , , ,2, , , , , , , ,0, , , , , , , ,0, , , , , , , ,1, , , , , , , ,0, , , , ,2, , , , , , ,3, , , , ,1, ,2,5,5,5,5,7,7,5,7,5
191219,0,1,1, ,1, , , , , , , , , , , , , , , ,3, , , , , , , ,1, , , , , , , ,1, , , , , , , ,1, , , , , , , ,1, , , , , , , ,2, , , , , , , ,0, , , , , , , ,1, , , , , , , ,1, , , , , , , ,1, , , , , , ,2, , , , , , , , , , , , , , ,7,5,5,4,7,7,4,7,7
191582,1,0,1,2, , , , , , , , , , , , , , , , , , , , , , , , , , , , , , , , , , , , , , , , , , , , , , , , , , , , , , , , , , , , , , , , , , , , , , , , , , , , , , , , , , , , , , , , , , , , , , , ,2, , , ,1, , , , , , , ,2, ,2,4,3,4,3,2,5,4,3,3
191788,0,1,1, ,3, , , , , , , , , , , , , , , ,4, , , , , , , ,0, , , , , , , ,0, , , , , , , ,0, , , , , , , ,1, , , , , , , ,3, , , , , , , ,0, , , , , , , ,0, , , , , , , ,0, , , , , , , ,1, , , , , , ,1,17,1,1, ,3, , , , , , ,3, ,2,5,5,7,7,3,7,5,7,4
191812,0,1,0, , , , , , , , , , , , , , , , , , , , , , , , , , , , , , , , , , , , , , , , , , , , , , , , , , , , , , , , , , , , , , , , , , , , , , , , , , , , , , , , , , , , , , , , , , , , , , , , , , , , , , , ,3, , , , ,1, ,2,6,1,7,1,6,7,4,7,7
191813,0,1,0, , , , , , , , , , , , , , , , , , , , , , , , , , , , , , , , , , , , , , , , , , , , , , , , , , , , , , , , , , , , , , , , , , , , , , , , , , , , , , , , , , , , , , , , , , , , , , , , , , , , , ,1, , , , , , ,2, ,2,3,4,3,3,3,6,5,7,7
192095,2,2,1,3,2,1,2, , , , , , , , , , , , ,1, ,1, , , , , , , , , , , , , , , , , , , , , , , , , , , , , , , , , , , , , ,2, ,2, , , , , ,1, ,1, , , , , ,0, ,0, , , , , ,1, ,1, , , , , ,0, ,0, , , , , ,2, , , ,1,1, ,1, , , , ,6, ,4,4,4,4,4,4,4,4,4,6
192030,1,0,0, , , , , , , , , , , , , , , , , , , , , , , , , , , , , , , , , , , , , , , , , , , , , , , , , , , , , , , , , , , , , , , , , , , , , , , , , , , , , , , , , , , , , , , , , , , , , , , , , , , , ,1, , , , , , , ,1, ,1,5,5,5,5,5,7,5,7,4
192126,4,0,0, , , , , , , , , , , , , , , , , , , , , , , , , , , , , , , , , , , , , , , , , , , , , , , , , , , , , , , , , , , , , , , , , , , , , , , , , , , , , , , , , , , , , , , , , , , , , , , , , , , , ,5, , , , , , , , , , ,1,3,3,4,3,3,3,4,5
192127,0,1,0, , , , , , , , , , , , , , , , , , , , , , , , , , , , , , , , , , , , , , , , , , , , , , , , , , , , , , , , , , , , , , , , , , , , , , , , , , , , , , , , , , , , , , , , , , , , , , , , , , , , , ,3, , , , , , ,4, ,2,3,3,4,5,1,1,3,1,7
192299,0,1,1, ,3, , , , , , , , , , , , , , , ,4, , , , , , , ,1, , , , , , , ,0, , , , , , , ,0, , , , , , , ,0, , , , , , , ,1, , , , , , , , , , , , , , , , , , , , , , , , , , , , , , , , , , , , , , ,2, , , , ,2, , , , , , , , , ,4,4,4,4,2,1,7,7,7
